mode=full  niterations=400  procs=16
Compiling Julia backend...
/glade/work/wchapman/conda-envs/L96M2lines/lib/python3.9/site-packages/pysr/sr.py:2895: UserWarning: `numprocs` is specified but will be ignored since `parallelism='multithreading'`
  warnings.warn(

Expressions evaluated per second: 3.090e+00
Progress: 1 / 19200 total iterations (0.005%)
════════════════════════════════════════════════════════════════════════════════════════════════════
───────────────────────────────────────────────────────────────────────────────────────────────────
Complexity  Loss       Score      Equation
3           1.507e+00  0.000e+00  y = 0.96342 - 0.3816
5           1.245e+00  9.534e-02  y = square(0.41193) / square(1.3464)
7           1.177e+00  2.804e-02  y = Us / square(0.97367 / 0.24595)
8           1.126e+00  4.484e-02  y = square(Us) / (0.97367 / square(0.24595))
10          1.123e+00  1.357e-03  y = (square(Us) / square(0.97367 / 0.24595)) * 0.95949
13          9.825e-01  4.449e-02  y = ((square(Us) / square(0.97367 / 0.24595)) * 0.96342) *...
                                       Dg
14          8.851e-01  1.044e-01  y = (((square(Us) / 11.161) * (Dg - -0.063706)) - 0.3816) ...
                                      * 0.96342
16          8.833e-01  1.034e-03  y = ((((square(Us) / 11.161) * (Dg - -0.063706)) - 0.3816)...
                                       + -0.073967) * 0.96342
22          8.717e-01  2.198e-03  y = (((0.96342 * (square(Us) / square((-1.016 / -1.2365) /...
                                       0.24595))) * (Dg - -0.063706)) - 0.3816) / Dg
───────────────────────────────────────────────────────────────────────────────────────────────────
════════════════════════════════════════════════════════════════════════════════════════════════════
Press 'q' and then <enter> to stop execution early.

Expressions evaluated per second: 3.840e+02
Progress: 54 / 19200 total iterations (0.281%)
════════════════════════════════════════════════════════════════════════════════════════════════════
───────────────────────────────────────────────────────────────────────────────────────────────────
Complexity  Loss       Score      Equation
1           1.245e+00  0.000e+00  y = 0.059178
2           1.245e+00  8.881e-05  y = square(-0.26186)
3           1.184e+00  4.978e-02  y = log(D)
4           1.050e+00  1.204e-01  y = log(sqrt(D))
5           9.926e-01  5.618e-02  y = log(D - -0.24208)
7           8.255e-01  9.219e-02  y = log(sqrt(Dg * Us))
10          8.076e-01  7.316e-03  y = log(Dg * sqrt(Zs * Us))
12          7.521e-01  3.556e-02  y = log(sqrt(Dg * (D * Us)) - -0.14407)
14          6.985e-01  3.698e-02  y = log(sqrt((Dg * (Dl * Us)) - -0.095464)) * 1.3985
18          6.656e-01  1.206e-02  y = log((P * 0.53695) - (-0.42647 - (Dl * (Dg * Us)))) - 0...
                                      .58423
19          6.578e-01  1.173e-02  y = log(sqrt(((Dg + P) * (Us / (0.33565 / Dl))) + 0.017207...
                                      )) + -0.74252
34          6.577e-01  1.089e-05  y = (square((Us ^ 0.023439) - 0.045882) * (log(sqrt((((((P...
                                       * 1.2589) + Dg) * (Dl * Dg)) + 0.14587) * Us) / 0.5897)) ...
                                      + -0.46706)) / 0.99439
35          6.541e-01  5.587e-03  y = ((((Us + 0.71308) ^ 0.11502) - 0.1184) * (log(sqrt((((...
                                      ((P * 1.2552) + Dg) * (Dl * Dg)) + 0.1107) * Us) / 0.57604...
                                      )) + -0.45386)) / 1.0871
───────────────────────────────────────────────────────────────────────────────────────────────────
════════════════════════════════════════════════════════════════════════════════════════════════════
Press 'q' and then <enter> to stop execution early.

Expressions evaluated per second: 5.100e+02
Progress: 112 / 19200 total iterations (0.583%)
════════════════════════════════════════════════════════════════════════════════════════════════════
───────────────────────────────────────────────────────────────────────────────────────────────────
Complexity  Loss       Score      Equation
1           1.245e+00  0.000e+00  y = 0.06991
3           1.184e+00  2.489e-02  y = log(D)
4           1.050e+00  1.204e-01  y = log(sqrt(D))
5           9.926e-01  5.618e-02  y = log(D - -0.24208)
6           9.761e-01  1.679e-02  y = log(P + Dg)
7           8.255e-01  1.676e-01  y = log(sqrt(Dg * Us))
10          8.076e-01  7.316e-03  y = log(Dg * sqrt(Zs * Us))
12          7.521e-01  3.556e-02  y = log(sqrt(Dg * (D * Us)) - -0.14407)
14          6.985e-01  3.698e-02  y = log(sqrt((Dg * (Dl * Us)) - -0.095464)) * 1.3985
18          6.656e-01  1.206e-02  y = log((P * 0.53695) - (-0.42647 - (Dl * (Dg * Us)))) - 0...
                                      .58423
19          6.578e-01  1.173e-02  y = log(sqrt(((Dg + P) * (Us / (0.33565 / Dl))) + 0.017207...
                                      )) + -0.74252
34          6.577e-01  1.089e-05  y = (square((Us ^ 0.023439) - 0.045882) * (log(sqrt((((((P...
                                       * 1.2589) + Dg) * (Dl * Dg)) + 0.14587) * Us) / 0.5897)) ...
                                      + -0.46706)) / 0.99439
35          6.541e-01  5.587e-03  y = ((((Us + 0.71308) ^ 0.11502) - 0.1184) * (log(sqrt((((...
                                      ((P * 1.2552) + Dg) * (Dl * Dg)) + 0.1107) * Us) / 0.57604...
                                      )) + -0.45386)) / 1.0871
───────────────────────────────────────────────────────────────────────────────────────────────────
════════════════════════════════════════════════════════════════════════════════════════════════════
Press 'q' and then <enter> to stop execution early.

Expressions evaluated per second: 5.190e+02
Progress: 149 / 19200 total iterations (0.776%)
════════════════════════════════════════════════════════════════════════════════════════════════════
───────────────────────────────────────────────────────────────────────────────────────────────────
Complexity  Loss       Score      Equation
1           1.245e+00  0.000e+00  y = 0.06991
3           1.184e+00  2.489e-02  y = log(D)
4           1.050e+00  1.204e-01  y = log(sqrt(D))
5           9.926e-01  5.618e-02  y = log(D - -0.24208)
6           9.761e-01  1.679e-02  y = log(P + Dg)
7           8.255e-01  1.676e-01  y = log(sqrt(Dg * Us))
8           7.969e-01  3.520e-02  y = sqrt(Us * Dg) - 1.1689
9           7.804e-01  2.092e-02  y = sqrt(0.47755) * log(Dg * Us)
10          7.308e-01  6.574e-02  y = log(sqrt((Us * Dl) * Dg))
12          7.014e-01  2.056e-02  y = log((sqrt(Dl) * Dg) * Us) * 0.69105
14          6.985e-01  2.031e-03  y = log(sqrt((Dg * (Dl * Us)) - -0.095464)) * 1.3985
16          6.985e-01  3.764e-05  y = log(sqrt((Dg * ((Dl * Us) - -0.095464)) - -0.095464)) ...
                                      * 1.3985
18          6.656e-01  2.409e-02  y = log((P * 0.53695) - (-0.42647 - (Dl * (Dg * Us)))) - 0...
                                      .58423
19          6.577e-01  1.190e-02  y = log(sqrt((Dg + P) * ((Us / (0.33565 / Dl)) + 0.017207)...
                                      )) + -0.74252
29          6.526e-01  7.839e-04  y = (((log((((((Dg * Dl) * 1.2552) + 0.1107) * Us) * (Dg +...
                                       P)) / 0.75897) / 1.3045) * 0.89632) + -0.45386) / 1.5452
32          6.384e-01  7.312e-03  y = (square((Us ^ 0.090564) - 0.077261) * log(sqrt(((Dg * ...
                                      Dl) + 0.18274) * ((((P * 0.64783) + Dg) * Us) / 0.33377)))...
                                      ) + -0.63782
34          6.328e-01  4.423e-03  y = (((Us ^ 0.20558) - 0.27605) * log(sqrt((((P * 0.37258)...
                                       + (((D / 2.0991) + Dg) * (Dg * Dl))) * Us) / 0.36009))) +...
                                       -0.64087
37          6.319e-01  4.728e-04  y = (square((Us ^ 0.11743) - 0.16746) * log(sqrt(((Dg + P)...
                                       * Dl) * (((Dg + 0.2705) * Us) / 0.4345)))) + ((-0.57871 /...
                                       (Us ^ 0.0744)) - -0.0013872)
38          6.317e-01  3.474e-04  y = (((Us ^ 0.19907) - 0.29143) * log(sqrt((((Dg + P) * Dl...
                                      ) * 1.1372) * ((Dg + 0.3379) * (Us / 0.44521))))) + ((-0.6...
                                      8979 / (Us ^ 0.035205)) - -0.040126)
───────────────────────────────────────────────────────────────────────────────────────────────────
════════════════════════════════════════════════════════════════════════════════════════════════════
Press 'q' and then <enter> to stop execution early.

Expressions evaluated per second: 5.850e+02
Progress: 176 / 19200 total iterations (0.917%)
════════════════════════════════════════════════════════════════════════════════════════════════════
───────────────────────────────────────────────────────────────────────────────────────────────────
Complexity  Loss       Score      Equation
1           1.245e+00  0.000e+00  y = 0.06991
3           1.184e+00  2.489e-02  y = log(D)
4           1.050e+00  1.204e-01  y = log(sqrt(D))
5           9.926e-01  5.618e-02  y = log(D - -0.24208)
6           9.761e-01  1.679e-02  y = log(P + Dg)
7           8.255e-01  1.676e-01  y = log(sqrt(Dg * Us))
8           7.969e-01  3.520e-02  y = sqrt(Us * Dg) - 1.1689
9           7.794e-01  2.231e-02  y = log(square(Dg * Us)) * 0.37092
10          7.308e-01  6.435e-02  y = log(sqrt((Us * Dl) * Dg))
12          7.014e-01  2.056e-02  y = log((sqrt(Dl) * Dg) * Us) * 0.69105
14          6.985e-01  2.031e-03  y = log(sqrt((Dg * (Dl * Us)) - -0.095464)) * 1.3985
16          6.985e-01  3.764e-05  y = log(sqrt((Dg * ((Dl * Us) - -0.095464)) - -0.095464)) ...
                                      * 1.3985
18          6.656e-01  2.409e-02  y = log((P * 0.53695) - (-0.42647 - (Dl * (Dg * Us)))) - 0...
                                      .58423
19          6.577e-01  1.190e-02  y = log(sqrt((Dg + P) * ((Us / (0.33565 / Dl)) + 0.017207)...
                                      )) + -0.74252
27          6.470e-01  2.050e-03  y = -0.64087 + log(sqrt((((0.37258 * P) + (((D / 2.0991) +...
                                       Dg) * (Dg * Dl))) * Us) / 0.36009))
31          6.385e-01  3.322e-03  y = (log((((P * 0.88757) + Dg) * ((((Zs ^ -0.66229) / 0.41...
                                      634) * Us) + 0.026111)) * ((Dl * 0.45042) + 0.0083863)) + ...
                                      -0.41663) * 0.51292
32          6.384e-01  8.077e-05  y = (square((Us ^ 0.090564) - 0.077261) * log(sqrt(((Dg * ...
                                      Dl) + 0.18274) * ((((P * 0.64783) + Dg) * Us) / 0.33377)))...
                                      ) + -0.63782
33          6.328e-01  8.889e-03  y = (((Us ^ 0.10863) - 0.62841) * log((((P * 0.51495) + ((...
                                      (D / 1.999) + Dg) * (Dg * Dl))) * Us) / 0.37362)) + -0.693...
                                      62
34          6.317e-01  1.653e-03  y = (((Us ^ 0.21531) - 0.26496) * log(sqrt(((P * 0.50212) ...
                                      + (((D / 2.5384) + Dg) * (Dg * Dl))) * (Us / 0.38135)))) +...
                                       -0.66536
38          6.317e-01  1.751e-05  y = (((Us ^ 0.19907) - 0.29143) * log(sqrt((((Dg + P) * Dl...
                                      ) * 1.1372) * ((Dg + 0.3379) * (Us / 0.44521))))) + ((-0.6...
                                      8979 / (Us ^ 0.035205)) - -0.040126)
39          6.249e-01  1.083e-02  y = (square((Us ^ 0.095161) + -0.048079) * log(sqrt(((((((...
                                      P * 1.197) + (Dg * Dg)) * Dl) + 0.086499) * Us) / ((P ^ 0....
                                      092256) - 0.040332)) / 0.95722))) + -0.43939
───────────────────────────────────────────────────────────────────────────────────────────────────
════════════════════════════════════════════════════════════════════════════════════════════════════
Press 'q' and then <enter> to stop execution early.

Expressions evaluated per second: 6.310e+02
Progress: 215 / 19200 total iterations (1.120%)
════════════════════════════════════════════════════════════════════════════════════════════════════
───────────────────────────────────────────────────────────────────────────────────────────────────
Complexity  Loss       Score      Equation
1           1.245e+00  0.000e+00  y = 0.06991
3           1.184e+00  2.489e-02  y = log(D)
4           1.050e+00  1.204e-01  y = log(sqrt(D))
5           9.926e-01  5.618e-02  y = log(D - -0.24208)
6           8.445e-01  1.616e-01  y = log(Dg * Us)
7           8.255e-01  2.280e-02  y = log(sqrt(Dg * Us))
8           7.969e-01  3.520e-02  y = sqrt(Us * Dg) - 1.1689
9           7.794e-01  2.231e-02  y = log(square(Dg * Us)) * 0.37092
10          7.308e-01  6.435e-02  y = log(sqrt((Us * Dl) * Dg))
12          7.014e-01  2.056e-02  y = log((sqrt(Dl) * Dg) * Us) * 0.69105
14          6.985e-01  2.031e-03  y = log(sqrt((Dg * (Dl * Us)) - -0.095464)) * 1.3985
16          6.927e-01  4.209e-03  y = log(sqrt(((Dl * Dg) - -0.095464) * (Us - -0.095464))) ...
                                      * 1.3985
18          6.656e-01  1.992e-02  y = log((P * 0.53695) - (-0.42647 - (Dl * (Dg * Us)))) - 0...
                                      .58423
19          6.577e-01  1.190e-02  y = log(sqrt((Dg + P) * ((Us / (0.33565 / Dl)) + 0.017207)...
                                      )) + -0.74252
24          6.415e-01  5.005e-03  y = ((log(((Us * ((Dl * Dg) + (P / 3.7845))) + 0.28592) / ...
                                      0.94668) + -0.56203) / 3.8951) * 3.3229
29          6.381e-01  1.063e-03  y = (log(((P + Dg) * ((((Zs ^ -0.66229) / 0.41634) * Us) +...
                                       0.026111)) * ((Dl * 0.45042) + 0.0083863)) + -0.41663) * ...
                                      0.51292
30          6.380e-01  1.395e-04  y = log(((((Dg * (Zs ^ -0.36686)) / 0.65362) + (P * 0.7392...
                                      3)) * (Us + 0.012147)) * ((Dl * 0.44902) + square(0.32617)...
                                      )) * 0.55079
31          6.253e-01  2.010e-02  y = (((Us ^ 0.17153) - 0.048854) * log(sqrt(((P * 0.43014)...
                                       + (Dl * (Dg * (Dg + 0.7174)))) * (Us / 0.44307)))) + -0.7...
                                      8298
39          6.249e-01  7.899e-05  y = (square((Us ^ 0.095161) + -0.048079) * log(sqrt(((((((...
                                      P * 1.197) + (Dg * Dg)) * Dl) + 0.086499) * Us) / ((P ^ 0....
                                      092256) - 0.040332)) / 0.95722))) + -0.43939
───────────────────────────────────────────────────────────────────────────────────────────────────
════════════════════════════════════════════════════════════════════════════════════════════════════
Press 'q' and then <enter> to stop execution early.

Expressions evaluated per second: 5.240e+02
Progress: 254 / 19200 total iterations (1.323%)
════════════════════════════════════════════════════════════════════════════════════════════════════
───────────────────────────────────────────────────────────────────────────────────────────────────
Complexity  Loss       Score      Equation
1           1.245e+00  0.000e+00  y = 0.06991
3           1.184e+00  2.489e-02  y = log(D)
4           1.050e+00  1.204e-01  y = log(sqrt(D))
5           9.926e-01  5.618e-02  y = log(D - -0.24208)
6           8.445e-01  1.616e-01  y = log(Dg * Us)
7           8.255e-01  2.280e-02  y = log(sqrt(Dg * Us))
8           7.968e-01  3.534e-02  y = sqrt(Dg * Us) + -1.1564
9           7.794e-01  2.217e-02  y = log(square(Dg * Us)) * 0.37092
10          7.308e-01  6.435e-02  y = log(sqrt((Us * Dl) * Dg))
12          7.014e-01  2.056e-02  y = log((sqrt(Dl) * Dg) * Us) * 0.69105
14          6.985e-01  2.031e-03  y = log(sqrt((Dg * (Dl * Us)) - -0.095464)) * 1.3985
15          6.980e-01  7.735e-04  y = log(sqrt(((Us * Dg) * Dl) - -0.095464)) * square(-1.15...
                                      76)
16          6.927e-01  7.645e-03  y = log(sqrt(((Dl * Dg) - -0.095464) * (Us - -0.095464))) ...
                                      * 1.3985
17          6.563e-01  5.389e-02  y = log(sqrt((Us * (Dg * Dl)) - (P * -0.33888))) * 1.2992
19          6.448e-01  8.864e-03  y = log(sqrt(Us * ((Dg * Dl) - ((P * -0.2277) + 0.015456))...
                                      )) * 1.1874
24          6.415e-01  1.029e-03  y = ((log(((Us * ((Dl * Dg) + (P / 3.7845))) + 0.28592) / ...
                                      0.94668) + -0.56203) / 3.8951) * 3.3229
29          6.381e-01  1.063e-03  y = (log(((P + Dg) * ((((Zs ^ -0.66229) / 0.41634) * Us) +...
                                       0.026111)) * ((Dl * 0.45042) + 0.0083863)) + -0.41663) * ...
                                      0.51292
30          6.380e-01  1.395e-04  y = log(((((Dg * (Zs ^ -0.36686)) / 0.65362) + (P * 0.7392...
                                      3)) * (Us + 0.012147)) * ((Dl * 0.44902) + square(0.32617)...
                                      )) * 0.55079
31          6.253e-01  2.010e-02  y = (((Us ^ 0.17153) - 0.048854) * log(sqrt(((P * 0.43014)...
                                       + (Dl * (Dg * (Dg + 0.7174)))) * (Us / 0.44307)))) + -0.7...
                                      8298
39          6.249e-01  7.899e-05  y = (square((Us ^ 0.095161) + -0.048079) * log(sqrt(((((((...
                                      P * 1.197) + (Dg * Dg)) * Dl) + 0.086499) * Us) / ((P ^ 0....
                                      092256) - 0.040332)) / 0.95722))) + -0.43939
───────────────────────────────────────────────────────────────────────────────────────────────────
════════════════════════════════════════════════════════════════════════════════════════════════════
Press 'q' and then <enter> to stop execution early.

Expressions evaluated per second: 4.950e+02
Progress: 285 / 19200 total iterations (1.484%)
════════════════════════════════════════════════════════════════════════════════════════════════════
───────────────────────────────────────────────────────────────────────────────────────────────────
Complexity  Loss       Score      Equation
1           1.245e+00  0.000e+00  y = 0.06991
3           1.184e+00  2.489e-02  y = log(D)
4           1.050e+00  1.204e-01  y = log(sqrt(D))
5           9.926e-01  5.618e-02  y = log(D - -0.24208)
6           8.445e-01  1.616e-01  y = log(Dg * Us)
7           8.255e-01  2.280e-02  y = log(sqrt(Dg * Us))
8           7.968e-01  3.534e-02  y = sqrt(Dg * Us) + -1.1564
9           7.794e-01  2.217e-02  y = log(square(Dg * Us)) * 0.37092
10          7.308e-01  6.435e-02  y = log(sqrt((Us * Dl) * Dg))
12          7.014e-01  2.056e-02  y = log((sqrt(Dl) * Dg) * Us) * 0.69105
14          6.985e-01  2.031e-03  y = log(sqrt((Dg * (Dl * Us)) - -0.095464)) * 1.3985
15          6.633e-01  5.171e-02  y = log(sqrt((Us * Dg) * (Dl - (P * -0.45757))))
17          6.563e-01  5.297e-03  y = log(sqrt((Us * (Dg * Dl)) - (P * -0.33888))) * 1.2992
19          6.448e-01  8.864e-03  y = log(sqrt(Us * ((Dg * Dl) - ((P * -0.2277) + 0.015456))...
                                      )) * 1.1874
24          6.415e-01  1.029e-03  y = ((log(((Us * ((Dl * Dg) + (P / 3.7845))) + 0.28592) / ...
                                      0.94668) + -0.56203) / 3.8951) * 3.3229
29          6.379e-01  1.113e-03  y = (log(((P + Dg) * (((Zs ^ -0.66229) / 0.41634) * (Us + ...
                                      0.026111))) * (Dl * (0.45042 + 0.0083863))) + -0.41663) * ...
                                      0.51292
31          6.253e-01  9.995e-03  y = (((Us ^ 0.17153) - 0.048854) * log(sqrt(((P * 0.43014)...
                                       + (Dl * (Dg * (Dg + 0.7174)))) * (Us / 0.44307)))) + -0.7...
                                      8298
39          6.249e-01  7.899e-05  y = (square((Us ^ 0.095161) + -0.048079) * log(sqrt(((((((...
                                      P * 1.197) + (Dg * Dg)) * Dl) + 0.086499) * Us) / ((P ^ 0....
                                      092256) - 0.040332)) / 0.95722))) + -0.43939
40          6.199e-01  8.020e-03  y = (((Us ^ 0.20558) - 0.27605) * log(sqrt((((D / (Zt + D)...
                                      ) / 0.71573) + Dg) * ((((P * 0.41689) + Dg) * Dl) * (Us / ...
                                      0.36009))))) + -0.64087
───────────────────────────────────────────────────────────────────────────────────────────────────
════════════════════════════════════════════════════════════════════════════════════════════════════
Press 'q' and then <enter> to stop execution early.

Expressions evaluated per second: 5.040e+02
Progress: 318 / 19200 total iterations (1.656%)
════════════════════════════════════════════════════════════════════════════════════════════════════
───────────────────────────────────────────────────────────────────────────────────────────────────
Complexity  Loss       Score      Equation
1           1.245e+00  0.000e+00  y = 0.06991
3           1.184e+00  2.489e-02  y = log(D)
4           1.050e+00  1.204e-01  y = log(sqrt(D))
5           9.926e-01  5.618e-02  y = log(D - -0.24208)
6           8.445e-01  1.616e-01  y = log(Dg * Us)
7           8.255e-01  2.280e-02  y = log(sqrt(Dg * Us))
8           7.968e-01  3.534e-02  y = sqrt(Dg * Us) + -1.1564
9           7.794e-01  2.217e-02  y = log(square(Dg * Us)) * 0.37092
10          7.308e-01  6.435e-02  y = log(sqrt((Us * Dl) * Dg))
12          7.014e-01  2.056e-02  y = log((sqrt(Dl) * Dg) * Us) * 0.69105
14          6.985e-01  2.031e-03  y = log(sqrt((Dg * (Dl * Us)) - -0.095464)) * 1.3985
15          6.633e-01  5.171e-02  y = log(sqrt((Us * Dg) * (Dl - (P * -0.45757))))
17          6.563e-01  5.297e-03  y = log(sqrt((Us * (Dg * Dl)) - (P * -0.33888))) * 1.2992
18          6.512e-01  7.858e-03  y = log(sqrt((Dl * Us) * (Dg - ((Ul * -0.21857) * P))))
19          6.448e-01  9.871e-03  y = log(sqrt(Us * ((Dg * Dl) - ((P * -0.2277) + 0.015456))...
                                      )) * 1.1874
21          6.431e-01  1.283e-03  y = log(sqrt((Dl * Us) * (Dg - ((Ul * -0.14956) * (D * P))...
                                      )))
23          6.355e-01  5.978e-03  y = log(sqrt(((Dl * Dg) * Us) - (-0.21857 * ((Ul * D) * P)...
                                      ))) * 1.0903
31          6.253e-01  2.023e-03  y = (((Us ^ 0.17153) - 0.048854) * log(sqrt(((P * 0.43014)...
                                       + (Dl * (Dg * (Dg + 0.7174)))) * (Us / 0.44307)))) + -0.7...
                                      8298
39          6.249e-01  7.899e-05  y = (square((Us ^ 0.095161) + -0.048079) * log(sqrt(((((((...
                                      P * 1.197) + (Dg * Dg)) * Dl) + 0.086499) * Us) / ((P ^ 0....
                                      092256) - 0.040332)) / 0.95722))) + -0.43939
40          6.199e-01  8.020e-03  y = (((Us ^ 0.20558) - 0.27605) * log(sqrt((((D / (Zt + D)...
                                      ) / 0.71573) + Dg) * ((((P * 0.41689) + Dg) * Dl) * (Us / ...
                                      0.36009))))) + -0.64087
───────────────────────────────────────────────────────────────────────────────────────────────────
════════════════════════════════════════════════════════════════════════════════════════════════════
Press 'q' and then <enter> to stop execution early.

Expressions evaluated per second: 4.910e+02
Progress: 349 / 19200 total iterations (1.818%)
════════════════════════════════════════════════════════════════════════════════════════════════════
───────────────────────────────────────────────────────────────────────────────────────────────────
Complexity  Loss       Score      Equation
1           1.245e+00  0.000e+00  y = 0.06991
3           1.184e+00  2.489e-02  y = log(D)
4           1.050e+00  1.204e-01  y = log(sqrt(D))
5           9.926e-01  5.618e-02  y = log(D - -0.24208)
6           8.445e-01  1.616e-01  y = log(Dg * Us)
7           8.255e-01  2.280e-02  y = log(sqrt(Dg * Us))
8           7.968e-01  3.534e-02  y = sqrt(Dg * Us) + -1.1564
9           7.794e-01  2.217e-02  y = log(square(Dg * Us)) * 0.37092
10          7.308e-01  6.435e-02  y = log(sqrt((Us * Dl) * Dg))
12          7.014e-01  2.056e-02  y = log((sqrt(Dl) * Dg) * Us) * 0.69105
14          6.980e-01  2.418e-03  y = log(sqrt(((Us * Dg) * Dl) - -0.095464)) * 1.3401
15          6.633e-01  5.094e-02  y = log(sqrt((Us * Dg) * (Dl - (P * -0.45757))))
17          6.563e-01  5.297e-03  y = log(sqrt((Us * (Dg * Dl)) - (P * -0.33888))) * 1.2992
18          6.512e-01  7.858e-03  y = log(sqrt((Dl * Us) * (Dg - ((Ul * -0.21857) * P))))
19          6.448e-01  9.871e-03  y = log(sqrt(Us * ((Dg * Dl) - ((P * -0.2277) + 0.015456))...
                                      )) * 1.1874
21          6.431e-01  1.283e-03  y = log(sqrt((Dl * Us) * (Dg - ((Ul * -0.14956) * (D * P))...
                                      )))
23          6.355e-01  5.978e-03  y = log(sqrt(((Dl * Dg) * Us) - (-0.21857 * ((Ul * D) * P)...
                                      ))) * 1.0903
24          6.312e-01  6.726e-03  y = log(sqrt(((Us * Dg) * Dl) - ((((Ul * Ul) * Ul) * -0.01...
                                      6141) * P)))
27          6.266e-01  2.449e-03  y = log(sqrt(((Us * Dg) * Dl) - (D * (Ul * ((P * Ul) * (P ...
                                      * -0.04309))))))
29          6.259e-01  5.332e-04  y = log(sqrt(((Dl * Us) * (Dg + -0.01599)) - ((P * (Ul * (...
                                      D * -0.04309))) * (Ul * P))))
31          6.253e-01  5.207e-04  y = (((Us ^ 0.17153) - 0.048854) * log(sqrt(((P * 0.43014)...
                                       + (Dl * (Dg * (Dg + 0.7174)))) * (Us / 0.44307)))) + -0.7...
                                      8298
38          6.249e-01  9.994e-05  y = (log(sqrt(((D / (Zt + D)) + Dg) * ((((P * 0.41689) + D...
                                      g) * Dl) * (Us / 0.36009)))) * ((Us ^ 0.20558) - 0.25819))...
                                       + -0.64087
40          6.199e-01  3.976e-03  y = (((Us ^ 0.20558) - 0.27605) * log(sqrt((((D / (Zt + D)...
                                      ) / 0.71573) + Dg) * ((((P * 0.41689) + Dg) * Dl) * (Us / ...
                                      0.36009))))) + -0.64087
───────────────────────────────────────────────────────────────────────────────────────────────────
════════════════════════════════════════════════════════════════════════════════════════════════════
Press 'q' and then <enter> to stop execution early.

Expressions evaluated per second: 4.800e+02
Progress: 379 / 19200 total iterations (1.974%)
════════════════════════════════════════════════════════════════════════════════════════════════════
───────────────────────────────────────────────────────────────────────────────────────────────────
Complexity  Loss       Score      Equation
1           1.245e+00  0.000e+00  y = 0.06991
3           1.184e+00  2.489e-02  y = log(D)
4           1.050e+00  1.204e-01  y = log(sqrt(D))
5           9.926e-01  5.618e-02  y = log(D - -0.24208)
6           8.445e-01  1.616e-01  y = log(Dg * Us)
7           8.255e-01  2.280e-02  y = log(sqrt(Dg * Us))
8           7.968e-01  3.534e-02  y = sqrt(Dg * Us) + -1.1564
9           7.794e-01  2.217e-02  y = log(square(Dg * Us)) * 0.37092
10          7.308e-01  6.435e-02  y = log(sqrt((Us * Dl) * Dg))
12          7.014e-01  2.056e-02  y = log((sqrt(Dl) * Dg) * Us) * 0.69105
14          6.980e-01  2.418e-03  y = log(sqrt(((Us * Dg) * Dl) - -0.095464)) * 1.3401
15          6.633e-01  5.094e-02  y = log(sqrt((Us * Dg) * (Dl - (P * -0.45757))))
17          6.563e-01  5.297e-03  y = log(sqrt((Us * (Dg * Dl)) - (P * -0.33888))) * 1.2992
18          6.512e-01  7.858e-03  y = log(sqrt((Dl * Us) * (Dg - ((Ul * -0.21857) * P))))
19          6.448e-01  9.871e-03  y = log(sqrt(Us * ((Dg * Dl) - ((P * -0.2277) + 0.015456))...
                                      )) * 1.1874
21          6.431e-01  1.283e-03  y = log(sqrt((Dl * Us) * (Dg - ((Ul * -0.14956) * (D * P))...
                                      )))
23          6.355e-01  5.978e-03  y = log(sqrt(((Dl * Dg) * Us) - (-0.21857 * ((Ul * D) * P)...
                                      ))) * 1.0903
24          6.312e-01  6.726e-03  y = log(sqrt(((Us * Dg) * Dl) - ((((Ul * Ul) * Ul) * -0.01...
                                      6141) * P)))
27          6.266e-01  2.449e-03  y = log(sqrt(((Us * Dg) * Dl) - (D * (Ul * ((P * Ul) * (P ...
                                      * -0.04309))))))
29          6.259e-01  5.332e-04  y = log(sqrt(((Dl * Us) * (Dg + -0.01599)) - ((P * (Ul * (...
                                      D * -0.04309))) * (Ul * P))))
31          6.253e-01  5.207e-04  y = (((Us ^ 0.17153) - 0.048854) * log(sqrt(((P * 0.43014)...
                                       + (Dl * (Dg * (Dg + 0.7174)))) * (Us / 0.44307)))) + -0.7...
                                      8298
38          6.249e-01  9.994e-05  y = (log(sqrt(((D / (Zt + D)) + Dg) * ((((P * 0.41689) + D...
                                      g) * Dl) * (Us / 0.36009)))) * ((Us ^ 0.20558) - 0.25819))...
                                       + -0.64087
40          6.199e-01  3.976e-03  y = (((Us ^ 0.20558) - 0.27605) * log(sqrt((((D / (Zt + D)...
                                      ) / 0.71573) + Dg) * ((((P * 0.41689) + Dg) * Dl) * (Us / ...
                                      0.36009))))) + -0.64087
───────────────────────────────────────────────────────────────────────────────────────────────────
════════════════════════════════════════════════════════════════════════════════════════════════════
Press 'q' and then <enter> to stop execution early.

Expressions evaluated per second: 4.800e+02
Progress: 417 / 19200 total iterations (2.172%)
════════════════════════════════════════════════════════════════════════════════════════════════════
───────────────────────────────────────────────────────────────────────────────────────────────────
Complexity  Loss       Score      Equation
1           1.245e+00  0.000e+00  y = 0.06991
3           1.184e+00  2.489e-02  y = log(D)
4           1.050e+00  1.204e-01  y = log(sqrt(D))
5           9.926e-01  5.618e-02  y = log(D - -0.24208)
6           8.445e-01  1.616e-01  y = log(Dg * Us)
7           8.255e-01  2.280e-02  y = log(sqrt(Dg * Us))
8           7.968e-01  3.534e-02  y = sqrt(Dg * Us) + -1.1564
9           7.794e-01  2.217e-02  y = log(square(Dg * Us)) * 0.37092
10          7.308e-01  6.435e-02  y = log(sqrt((Us * Dl) * Dg))
12          7.014e-01  2.056e-02  y = log((sqrt(Dl) * Dg) * Us) * 0.69105
14          6.980e-01  2.418e-03  y = log(sqrt(((Us * Dg) * Dl) - -0.095464)) * 1.3401
15          6.629e-01  5.148e-02  y = log(sqrt(((Dg * Dl) - (P * -0.28295)) * Us))
17          6.563e-01  5.027e-03  y = log(sqrt((Us * (Dg * Dl)) - (P * -0.33888))) * 1.2992
18          6.512e-01  7.858e-03  y = log(sqrt((Dl * Us) * (Dg - ((Ul * -0.21857) * P))))
19          6.448e-01  9.871e-03  y = log(sqrt(Us * ((Dg * Dl) - ((P * -0.2277) + 0.015456))...
                                      )) * 1.1874
21          6.431e-01  1.283e-03  y = log(sqrt((Dl * Us) * (Dg - ((Ul * -0.14956) * (D * P))...
                                      )))
23          6.355e-01  5.978e-03  y = log(sqrt(((Dl * Dg) * Us) - (-0.21857 * ((Ul * D) * P)...
                                      ))) * 1.0903
24          6.312e-01  6.726e-03  y = log(sqrt(((Us * Dg) * Dl) - ((((Ul * Ul) * Ul) * -0.01...
                                      6141) * P)))
27          6.266e-01  2.449e-03  y = log(sqrt(((Us * Dg) * Dl) - (D * (Ul * ((P * Ul) * (P ...
                                      * -0.04309))))))
29          6.259e-01  5.332e-04  y = log(sqrt(((Dl * Us) * (Dg + -0.01599)) - ((P * (Ul * (...
                                      D * -0.04309))) * (Ul * P))))
31          6.247e-01  1.024e-03  y = log(sqrt(((Dg * Us) * Dl) - ((P * -0.026276) * ((squar...
                                      e(Ul) * (((P * D) - -0.029592) + 0.2833)) + 0.30908))))
34          6.243e-01  2.002e-04  y = log(sqrt(((Dg * Us) * Dl) - ((P * -0.026276) * (((squa...
                                      re(Ul) + D) * (((P * D) + 0.2833) - -0.029592)) + 0.30908)...
                                      )))
36          6.230e-01  1.065e-03  y = log(sqrt(((Dg * Us) * Dl) - ((P * -0.026276) * (((squa...
                                      re(Ul) + D) * ((((P * D) - -0.014796) + 0.2833) - -0.38039...
                                      )) + 0.30908))))
38          6.228e-01  1.588e-04  y = log(sqrt((Dg * (Us * Dl)) - ((P * -0.027114) * (((squa...
                                      re(Ul) + D) * ((((P * D) - -0.14972) + 0.4447) - -0.15729)...
                                      ) + 0.030215)))) * 1.0091
40          6.199e-01  2.298e-03  y = (((Us ^ 0.20558) - 0.27605) * log(sqrt((((D / (Zt + D)...
                                      ) / 0.71573) + Dg) * ((((P * 0.41689) + Dg) * Dl) * (Us / ...
                                      0.36009))))) + -0.64087
───────────────────────────────────────────────────────────────────────────────────────────────────
════════════════════════════════════════════════════════════════════════════════════════════════════
Press 'q' and then <enter> to stop execution early.

Expressions evaluated per second: 5.260e+02
Progress: 467 / 19200 total iterations (2.432%)
════════════════════════════════════════════════════════════════════════════════════════════════════
───────────────────────────────────────────────────────────────────────────────────────────────────
Complexity  Loss       Score      Equation
1           1.245e+00  0.000e+00  y = 0.06991
3           1.184e+00  2.489e-02  y = log(D)
4           1.050e+00  1.204e-01  y = log(sqrt(D))
5           9.926e-01  5.618e-02  y = log(D - -0.24208)
6           8.445e-01  1.616e-01  y = log(Dg * Us)
7           8.255e-01  2.280e-02  y = log(sqrt(Dg * Us))
8           7.968e-01  3.534e-02  y = sqrt(Dg * Us) + -1.1564
9           7.794e-01  2.217e-02  y = log(square(Dg * Us)) * 0.37092
10          7.308e-01  6.435e-02  y = log(sqrt((Us * Dl) * Dg))
12          7.014e-01  2.056e-02  y = log((sqrt(Dl) * Dg) * Us) * 0.69105
14          6.980e-01  2.418e-03  y = log(sqrt(((Us * Dg) * Dl) - -0.095464)) * 1.3401
15          6.524e-01  6.757e-02  y = log(sqrt(Us * (Dl * (Dg - (P * -0.39045)))))
18          6.512e-01  6.058e-04  y = log(sqrt((Dl * Us) * (Dg - ((Ul * -0.21857) * P))))
19          6.448e-01  9.871e-03  y = log(sqrt(Us * ((Dg * Dl) - ((P * -0.2277) + 0.015456))...
                                      )) * 1.1874
21          6.431e-01  1.283e-03  y = log(sqrt((Dl * Us) * (Dg - ((Ul * -0.14956) * (D * P))...
                                      )))
23          6.355e-01  5.978e-03  y = log(sqrt(((Dl * Dg) * Us) - (-0.21857 * ((Ul * D) * P)...
                                      ))) * 1.0903
24          6.312e-01  6.726e-03  y = log(sqrt(((Us * Dg) * Dl) - ((((Ul * Ul) * Ul) * -0.01...
                                      6141) * P)))
27          6.266e-01  2.449e-03  y = log(sqrt(((Us * Dg) * Dl) - (D * (Ul * ((P * Ul) * (P ...
                                      * -0.04309))))))
29          6.232e-01  2.722e-03  y = log(sqrt(((Dg * Us) * Dl) - ((P * ((square(Ul) * ((P *...
                                       D) - -0.41415)) + 0.90962)) * -0.027114)))
31          6.231e-01  5.716e-05  y = log(sqrt(((Dg * Us) * Dl) - ((P * -0.026276) * (square...
                                      (Ul) * ((((P * D) - -0.029592) + 0.2833) + 0.30908)))))
33          6.224e-01  6.128e-04  y = log(sqrt(((Dg * Us) * Dl) - (((P * ((square(Ul) * ((P ...
                                      * D) - -0.70021)) + 0.29571)) + 0.33383) * -0.03656))) + -...
                                      0.067243
36          6.216e-01  3.884e-04  y = log(sqrt(((Us * Dl) * Dg) - (P * ((((square(Ul) + D) *...
                                       (((P * D) - -0.28601) + 0.7962)) * -0.015928) + -0.010812...
                                      )))) * 1.0843
38          6.181e-01  2.871e-03  y = (log(sqrt(((Dg + (D / (Zt + D))) * (((Dl * Dg) + (P * ...
                                      0.41689)) * Us)) / 0.36009)) * ((Us ^ 0.20558) - 0.25819))...
                                       + -0.64087
40          6.177e-01  2.957e-04  y = (log(sqrt((Dg + (D / (D + Zt))) * ((((0.41689 * P) + (...
                                      Dg * Dl)) * (Us * 0.87423)) / 0.36009))) * ((Us ^ 0.20558)...
                                       - 0.20558)) + -0.64087
───────────────────────────────────────────────────────────────────────────────────────────────────
════════════════════════════════════════════════════════════════════════════════════════════════════
Press 'q' and then <enter> to stop execution early.

Expressions evaluated per second: 5.620e+02
Progress: 514 / 19200 total iterations (2.677%)
════════════════════════════════════════════════════════════════════════════════════════════════════
───────────────────────────────────────────────────────────────────────────────────────────────────
Complexity  Loss       Score      Equation
1           1.245e+00  0.000e+00  y = 0.06991
3           1.184e+00  2.489e-02  y = log(D)
4           1.050e+00  1.204e-01  y = log(sqrt(D))
5           9.896e-01  5.926e-02  y = log(D + 0.31019)
6           8.445e-01  1.585e-01  y = log(Dg * Us)
7           8.255e-01  2.280e-02  y = log(sqrt(Dg * Us))
8           7.922e-01  4.113e-02  y = log((Dg * Us) ^ 0.60726)
9           7.794e-01  1.639e-02  y = log(square(Dg * Us)) * 0.37092
10          7.308e-01  6.435e-02  y = log(sqrt((Us * Dl) * Dg))
12          7.014e-01  2.056e-02  y = log((sqrt(Dl) * Dg) * Us) * 0.69105
14          6.980e-01  2.418e-03  y = log(sqrt(((Us * Dg) * Dl) - -0.095464)) * 1.3401
15          6.524e-01  6.757e-02  y = log(sqrt(Us * (Dl * (Dg - (P * -0.39045)))))
18          6.512e-01  6.058e-04  y = log(sqrt((Dl * Us) * (Dg - ((Ul * -0.21857) * P))))
19          6.448e-01  9.871e-03  y = log(sqrt(Us * ((Dg * Dl) - ((P * -0.2277) + 0.015456))...
                                      )) * 1.1874
21          6.431e-01  1.283e-03  y = log(sqrt((Dl * Us) * (Dg - ((Ul * -0.14956) * (D * P))...
                                      )))
23          6.329e-01  8.059e-03  y = log(sqrt(Us * ((Dg * Dl) - (((Ul * Ul) ^ 1.0459) * (-0...
                                      .016141 * P)))))
24          6.312e-01  2.564e-03  y = log(sqrt(((Us * Dg) * Dl) - ((((Ul * Ul) * Ul) * -0.01...
                                      6141) * P)))
27          6.266e-01  2.449e-03  y = log(sqrt(((Us * Dg) * Dl) - (D * (Ul * ((P * Ul) * (P ...
                                      * -0.04309))))))
29          6.232e-01  2.722e-03  y = log(sqrt(((Dg * Us) * Dl) - ((P * ((square(Ul) * ((P *...
                                       D) - -0.41415)) + 0.90962)) * -0.027114)))
31          6.231e-01  5.716e-05  y = log(sqrt(((Dg * Us) * Dl) - ((P * -0.026276) * (square...
                                      (Ul) * ((((P * D) - -0.029592) + 0.2833) + 0.30908)))))
33          6.224e-01  6.128e-04  y = log(sqrt(((Dg * Us) * Dl) - (((P * ((square(Ul) * ((P ...
                                      * D) - -0.70021)) + 0.29571)) + 0.33383) * -0.03656))) + -...
                                      0.067243
36          6.216e-01  3.884e-04  y = log(sqrt(((Us * Dl) * Dg) - (P * ((((square(Ul) + D) *...
                                       (((P * D) - -0.28601) + 0.7962)) * -0.015928) + -0.010812...
                                      )))) * 1.0843
38          6.181e-01  2.871e-03  y = (log(sqrt(((Dg + (D / (Zt + D))) * (((Dl * Dg) + (P * ...
                                      0.41689)) * Us)) / 0.36009)) * ((Us ^ 0.20558) - 0.25819))...
                                       + -0.64087
40          6.177e-01  2.957e-04  y = (log(sqrt((Dg + (D / (D + Zt))) * ((((0.41689 * P) + (...
                                      Dg * Dl)) * (Us * 0.87423)) / 0.36009))) * ((Us ^ 0.20558)...
                                       - 0.20558)) + -0.64087
───────────────────────────────────────────────────────────────────────────────────────────────────
════════════════════════════════════════════════════════════════════════════════════════════════════
Press 'q' and then <enter> to stop execution early.

Expressions evaluated per second: 6.230e+02
Progress: 555 / 19200 total iterations (2.891%)
════════════════════════════════════════════════════════════════════════════════════════════════════
───────────────────────────────────────────────────────────────────────────────────────────────────
Complexity  Loss       Score      Equation
1           1.245e+00  0.000e+00  y = 0.06991
3           1.184e+00  2.489e-02  y = log(D)
4           1.050e+00  1.204e-01  y = log(sqrt(D))
5           9.896e-01  5.926e-02  y = log(D + 0.31019)
6           8.445e-01  1.585e-01  y = log(Dg * Us)
7           8.255e-01  2.280e-02  y = log(sqrt(Dg * Us))
8           7.817e-01  5.453e-02  y = log(Us * Dg) * 0.78149
9           7.792e-01  3.162e-03  y = log(Us * Dg) * sqrt(0.52402)
10          7.308e-01  6.417e-02  y = log(sqrt((Us * Dl) * Dg))
12          7.014e-01  2.056e-02  y = log((sqrt(Dl) * Dg) * Us) * 0.69105
14          6.980e-01  2.418e-03  y = log(sqrt(((Us * Dg) * Dl) - -0.095464)) * 1.3401
15          6.524e-01  6.757e-02  y = log(sqrt(Us * (Dl * (Dg - (P * -0.39045)))))
18          6.512e-01  6.058e-04  y = log(sqrt((Dl * Us) * (Dg - ((Ul * -0.21857) * P))))
19          6.448e-01  9.871e-03  y = log(sqrt(Us * ((Dg * Dl) - ((P * -0.2277) + 0.015456))...
                                      )) * 1.1874
21          6.357e-01  7.118e-03  y = log(sqrt(Us * ((Dg * Dl) - ((Ul * Ul) * (-0.016141 * P...
                                      )))))
23          6.305e-01  4.098e-03  y = log(sqrt((Us * Dg) * (Dl - ((Ul ^ 1.6454) * (Ul * (-0....
                                      016141 * P))))))
27          6.266e-01  1.541e-03  y = log(sqrt(((Us * Dg) * Dl) - (D * (Ul * ((P * Ul) * (P ...
                                      * -0.04309))))))
29          6.232e-01  2.722e-03  y = log(sqrt(((Dg * Us) * Dl) - ((P * ((square(Ul) * ((P *...
                                       D) - -0.41415)) + 0.90962)) * -0.027114)))
31          6.231e-01  5.716e-05  y = log(sqrt(((Dg * Us) * Dl) - ((P * -0.026276) * (square...
                                      (Ul) * ((((P * D) - -0.029592) + 0.2833) + 0.30908)))))
33          6.222e-01  7.552e-04  y = log(sqrt(((Dg * Us) * Dl) - ((P * (((square(Ul) * ((P ...
                                      * D) - -0.70021)) + 0.29571) + 0.33383)) * -0.03656))) + -...
                                      0.067243
36          6.216e-01  2.934e-04  y = log(sqrt(((Us * Dl) * Dg) - (P * ((((square(Ul) + D) *...
                                       (((P * D) - -0.28601) + 0.7962)) * -0.015928) + -0.010812...
                                      )))) * 1.0843
38          6.181e-01  2.871e-03  y = (log(sqrt(((Dg + (D / (Zt + D))) * (((Dl * Dg) + (P * ...
                                      0.41689)) * Us)) / 0.36009)) * ((Us ^ 0.20558) - 0.25819))...
                                       + -0.64087
40          6.177e-01  2.957e-04  y = (log(sqrt((Dg + (D / (D + Zt))) * ((((0.41689 * P) + (...
                                      Dg * Dl)) * (Us * 0.87423)) / 0.36009))) * ((Us ^ 0.20558)...
                                       - 0.20558)) + -0.64087
───────────────────────────────────────────────────────────────────────────────────────────────────
════════════════════════════════════════════════════════════════════════════════════════════════════
Press 'q' and then <enter> to stop execution early.

Expressions evaluated per second: 5.840e+02
Progress: 579 / 19200 total iterations (3.016%)
════════════════════════════════════════════════════════════════════════════════════════════════════
───────────────────────────────────────────────────────────────────────────────────────────────────
Complexity  Loss       Score      Equation
1           1.245e+00  0.000e+00  y = 0.06991
3           1.184e+00  2.489e-02  y = log(D)
4           1.050e+00  1.204e-01  y = log(sqrt(D))
5           9.896e-01  5.926e-02  y = log(D + 0.31019)
6           8.445e-01  1.585e-01  y = log(Dg * Us)
7           8.255e-01  2.280e-02  y = log(sqrt(Dg * Us))
8           7.817e-01  5.453e-02  y = log(Us * Dg) * 0.78149
9           7.792e-01  3.162e-03  y = log(Us * Dg) * sqrt(0.52402)
10          7.308e-01  6.417e-02  y = log(sqrt((Us * Dl) * Dg))
12          7.014e-01  2.056e-02  y = log((sqrt(Dl) * Dg) * Us) * 0.69105
14          6.980e-01  2.418e-03  y = log(sqrt(((Us * Dg) * Dl) - -0.095464)) * 1.3401
15          6.524e-01  6.757e-02  y = log(sqrt(Us * (Dl * (Dg - (P * -0.39045)))))
18          6.512e-01  6.058e-04  y = log(sqrt((Dl * Us) * (Dg - ((Ul * -0.21857) * P))))
19          6.448e-01  9.871e-03  y = log(sqrt(Us * ((Dg * Dl) - ((P * -0.2277) + 0.015456))...
                                      )) * 1.1874
21          6.308e-01  1.097e-02  y = log(sqrt((Us * ((Dg * Dl) - ((P * square(Ul)) * -0.026...
                                      276))) * 0.91658))
23          6.279e-01  2.325e-03  y = log(sqrt(Us * ((Dg * Dl) - ((((Ul * Ul) ^ 1.3276) * -0...
                                      .010749) * P))))
24          6.267e-01  1.838e-03  y = log(sqrt(Us * ((Dg * Dl) - (((square(Ul) * 0.42409) * ...
                                      (Ul * -0.016141)) * P))))
27          6.252e-01  8.246e-04  y = log(sqrt(((Dg * Us) * Dl) - (((D * P) + 0.30908) * ((P...
                                       * -0.026276) * square(Ul)))))
29          6.232e-01  1.572e-03  y = log(sqrt(((Dg * Us) * Dl) - ((P * ((square(Ul) * ((P *...
                                       D) - -0.41415)) + 0.90962)) * -0.027114)))
31          6.231e-01  5.716e-05  y = log(sqrt(((Dg * Us) * Dl) - ((P * -0.026276) * (square...
                                      (Ul) * ((((P * D) - -0.029592) + 0.2833) + 0.30908)))))
33          6.222e-01  7.552e-04  y = log(sqrt(((Dg * Us) * Dl) - ((P * (((square(Ul) * ((P ...
                                      * D) - -0.70021)) + 0.29571) + 0.33383)) * -0.03656))) + -...
                                      0.067243
36          6.216e-01  2.934e-04  y = log(sqrt(((Us * Dl) * Dg) - (P * ((((square(Ul) + D) *...
                                       (((P * D) - -0.28601) + 0.7962)) * -0.015928) + -0.010812...
                                      )))) * 1.0843
38          6.181e-01  2.871e-03  y = (log(sqrt(((Dg + (D / (Zt + D))) * (((Dl * Dg) + (P * ...
                                      0.41689)) * Us)) / 0.36009)) * ((Us ^ 0.20558) - 0.25819))...
                                       + -0.64087
39          6.176e-01  7.496e-04  y = log(sqrt(Us * ((Dg * Dl) - ((((D + P) - ((((Ul * Ul) ^...
                                       1.4561) * Ul) * -0.0077548)) * -0.014389) * ((Ul ^ 1.1253...
                                      ) * P)))))
───────────────────────────────────────────────────────────────────────────────────────────────────
════════════════════════════════════════════════════════════════════════════════════════════════════
Press 'q' and then <enter> to stop execution early.

Expressions evaluated per second: 5.400e+02
Progress: 611 / 19200 total iterations (3.182%)
════════════════════════════════════════════════════════════════════════════════════════════════════
───────────────────────────────────────────────────────────────────────────────────────────────────
Complexity  Loss       Score      Equation
1           1.245e+00  0.000e+00  y = 0.06991
3           1.184e+00  2.489e-02  y = log(D)
4           1.050e+00  1.204e-01  y = log(sqrt(D))
5           9.896e-01  5.926e-02  y = log(D + 0.31019)
6           8.445e-01  1.585e-01  y = log(Dg * Us)
7           8.255e-01  2.280e-02  y = log(sqrt(Dg * Us))
8           7.817e-01  5.453e-02  y = log(Us * Dg) * 0.78149
9           7.792e-01  3.162e-03  y = log(Us * Dg) * sqrt(0.52402)
10          7.308e-01  6.417e-02  y = log(sqrt((Us * Dl) * Dg))
11          7.267e-01  5.636e-03  y = log(Dl * (Dg * Us)) * 0.5436
12          7.014e-01  3.548e-02  y = log((sqrt(Dl) * Dg) * Us) * 0.69105
14          6.980e-01  2.418e-03  y = log(sqrt(((Us * Dg) * Dl) - -0.095464)) * 1.3401
15          6.524e-01  6.757e-02  y = log(sqrt(Us * (Dl * (Dg - (P * -0.39045)))))
18          6.512e-01  6.058e-04  y = log(sqrt((Dl * Us) * (Dg - ((Ul * -0.21857) * P))))
19          6.448e-01  9.871e-03  y = log(sqrt(Us * ((Dg * Dl) - ((P * -0.2277) + 0.015456))...
                                      )) * 1.1874
21          6.308e-01  1.097e-02  y = log(sqrt((Us * ((Dg * Dl) - ((P * square(Ul)) * -0.026...
                                      276))) * 0.91658))
23          6.279e-01  2.325e-03  y = log(sqrt(Us * ((Dg * Dl) - ((((Ul * Ul) ^ 1.3276) * -0...
                                      .010749) * P))))
24          6.267e-01  1.838e-03  y = log(sqrt(Us * ((Dg * Dl) - (((square(Ul) * 0.42409) * ...
                                      (Ul * -0.016141)) * P))))
27          6.252e-01  8.246e-04  y = log(sqrt(((Dg * Us) * Dl) - (((D * P) + 0.30908) * ((P...
                                       * -0.026276) * square(Ul)))))
29          6.232e-01  1.572e-03  y = log(sqrt(((Dg * Us) * Dl) - ((P * ((square(Ul) * ((P *...
                                       D) - -0.41415)) + 0.90962)) * -0.027114)))
31          6.231e-01  5.716e-05  y = log(sqrt(((Dg * Us) * Dl) - ((P * -0.026276) * (square...
                                      (Ul) * ((((P * D) - -0.029592) + 0.2833) + 0.30908)))))
33          6.222e-01  7.552e-04  y = log(sqrt(((Dg * Us) * Dl) - ((P * (((square(Ul) * ((P ...
                                      * D) - -0.70021)) + 0.29571) + 0.33383)) * -0.03656))) + -...
                                      0.067243
35          6.193e-01  2.314e-03  y = log(sqrt(((Dg * Dl) * Us) - ((square(Ul) * ((P * ((D +...
                                       D) * (P - -0.83953))) / (Zt + 1.5193))) * -0.03695)))
38          6.181e-01  6.646e-04  y = (log(sqrt(((Dg + (D / (Zt + D))) * (((Dl * Dg) + (P * ...
                                      0.41689)) * Us)) / 0.36009)) * ((Us ^ 0.20558) - 0.25819))...
                                       + -0.64087
39          6.176e-01  7.496e-04  y = log(sqrt(Us * ((Dg * Dl) - ((((D + P) - ((((Ul * Ul) ^...
                                       1.4561) * Ul) * -0.0077548)) * -0.014389) * ((Ul ^ 1.1253...
                                      ) * P)))))
───────────────────────────────────────────────────────────────────────────────────────────────────
════════════════════════════════════════════════════════════════════════════════════════════════════
Press 'q' and then <enter> to stop execution early.

Expressions evaluated per second: 4.950e+02
Progress: 638 / 19200 total iterations (3.323%)
════════════════════════════════════════════════════════════════════════════════════════════════════
───────────────────────────────────────────────────────────────────────────────────────────────────
Complexity  Loss       Score      Equation
1           1.245e+00  0.000e+00  y = 0.06991
3           1.184e+00  2.489e-02  y = log(D)
4           1.050e+00  1.204e-01  y = log(sqrt(D))
5           9.896e-01  5.926e-02  y = log(D + 0.31019)
6           8.445e-01  1.585e-01  y = log(Dg * Us)
7           8.255e-01  2.280e-02  y = log(sqrt(Dg * Us))
8           7.811e-01  5.528e-02  y = log(Us * Dg) * 0.77482
9           7.792e-01  2.412e-03  y = log(Us * Dg) * sqrt(0.52402)
10          7.308e-01  6.417e-02  y = log(sqrt((Us * Dl) * Dg))
11          7.267e-01  5.636e-03  y = log(Dl * (Dg * Us)) * 0.5436
12          7.014e-01  3.548e-02  y = log((sqrt(Dl) * Dg) * Us) * 0.69105
14          6.980e-01  2.418e-03  y = log(sqrt(((Us * Dg) * Dl) - -0.095464)) * 1.3401
15          6.524e-01  6.757e-02  y = log(sqrt(Us * (Dl * (Dg - (P * -0.39045)))))
18          6.512e-01  6.058e-04  y = log(sqrt((Dl * Us) * (Dg - ((Ul * -0.21857) * P))))
19          6.322e-01  2.966e-02  y = log(sqrt(Us * ((Dl * Dg) - (square(P * Ul) * -0.016141...
                                      ))))
21          6.308e-01  1.074e-03  y = log(sqrt((Us * ((Dg * Dl) - ((P * square(Ul)) * -0.026...
                                      276))) * 0.91658))
22          6.263e-01  7.118e-03  y = log(sqrt(Us * ((Dl * Dg) - ((square(P * Ul) * D) * -0....
                                      016141))))
25          6.258e-01  2.723e-04  y = log(sqrt(Us * ((Dg * Dl) - (((square(Ul) * square(-0.5...
                                      7272)) * (Ul * -0.016141)) * P))))
27          6.252e-01  5.137e-04  y = log(sqrt(((Dg * Us) * Dl) - (((D * P) + 0.30908) * ((P...
                                       * -0.026276) * square(Ul)))))
29          6.232e-01  1.572e-03  y = log(sqrt(((Dg * Us) * Dl) - ((P * ((square(Ul) * ((P *...
                                       D) - -0.41415)) + 0.90962)) * -0.027114)))
31          6.231e-01  5.716e-05  y = log(sqrt(((Dg * Us) * Dl) - ((P * -0.026276) * (square...
                                      (Ul) * ((((P * D) - -0.029592) + 0.2833) + 0.30908)))))
32          6.219e-01  1.925e-03  y = log(sqrt(((Dg * Us) * Dl) - ((P * -0.026276) * (square...
                                      (Dl - Ul) + ((D * P) * square(Ul))))))
34          6.174e-01  3.627e-03  y = log(sqrt((Dl * (Us * Dg)) - (((square(Ul) * (((Dl + P)...
                                       * D) - (square(Ul) * -0.11932))) * -0.015085) * P)))
39          6.161e-01  4.191e-04  y = log(sqrt(((Dl * Us) * Dg) - (square(Ul) * (((((0.45245...
                                       + P) * D) - (square(Ul) * ((P + Ul) * -0.016141))) * -0.0...
                                      16141) * P))))
40          6.159e-01  4.344e-04  y = log(sqrt((Dl * (Us * Dg)) - ((square(Ul) * ((((Dl + P)...
                                       * D) - (square(Ul) * ((P + Ul) * -0.023341))) * -0.013547...
                                      )) * P)))
───────────────────────────────────────────────────────────────────────────────────────────────────
════════════════════════════════════════════════════════════════════════════════════════════════════
Press 'q' and then <enter> to stop execution early.

Expressions evaluated per second: 4.590e+02
Progress: 669 / 19200 total iterations (3.484%)
════════════════════════════════════════════════════════════════════════════════════════════════════
───────────────────────────────────────────────────────────────────────────────────────────────────
Complexity  Loss       Score      Equation
1           1.245e+00  0.000e+00  y = 0.06991
3           1.184e+00  2.489e-02  y = log(D)
4           1.050e+00  1.204e-01  y = log(sqrt(D))
5           9.896e-01  5.926e-02  y = log(D + 0.31019)
6           8.445e-01  1.585e-01  y = log(Dg * Us)
7           8.255e-01  2.280e-02  y = log(sqrt(Dg * Us))
8           7.804e-01  5.613e-02  y = log(Us * Dg) * 0.69122
9           7.792e-01  1.558e-03  y = log(Us * Dg) * sqrt(0.52402)
10          7.308e-01  6.417e-02  y = log(sqrt((Us * Dl) * Dg))
11          7.267e-01  5.636e-03  y = log(Dl * (Dg * Us)) * 0.5436
12          7.014e-01  3.548e-02  y = log((sqrt(Dl) * Dg) * Us) * 0.69105
14          6.962e-01  3.708e-03  y = log(sqrt(Us * ((Dg * Dl) - -0.095464))) * 1.3401
15          6.524e-01  6.499e-02  y = log(sqrt(Us * (Dl * (Dg - (P * -0.39045)))))
16          6.512e-01  1.836e-03  y = log(Us * ((Dg * Dl) - (P * -0.19261))) * 0.5436
18          6.376e-01  1.050e-02  y = log(sqrt((Dg - ((Ul * P) * -0.13053)) * (Us * Dl)))
19          6.322e-01  8.643e-03  y = log(sqrt(Us * ((Dl * Dg) - (square(P * Ul) * -0.016141...
                                      ))))
21          6.308e-01  1.074e-03  y = log(sqrt((Us * ((Dg * Dl) - ((P * square(Ul)) * -0.026...
                                      276))) * 0.91658))
22          6.263e-01  7.118e-03  y = log(sqrt(Us * ((Dl * Dg) - ((square(P * Ul) * D) * -0....
                                      016141))))
25          6.258e-01  2.723e-04  y = log(sqrt(Us * ((Dg * Dl) - (((square(Ul) * square(-0.5...
                                      7272)) * (Ul * -0.016141)) * P))))
26          6.232e-01  4.258e-03  y = log(sqrt(((Dg * Dl) - (((P * Ul) ^ 1.2162) * ((D + Ul)...
                                       * -0.014389))) * Us))
29          6.231e-01  4.665e-05  y = log(sqrt((Dg * (Us * Dl)) - (((D - 0.0056112) * (P * (...
                                      P + 2.0719))) * (square(Ul) * -0.01887))))
30          6.229e-01  2.706e-04  y = log(sqrt((Dg * (Dl * Us)) - (P * (-0.014839 * ((square...
                                      (Ul) * (D - -0.43769)) * (P + square(-1.2001)))))))
31          6.223e-01  9.529e-04  y = log(sqrt(((Dg * Us) * Dl) - ((D - -0.058613) * (P * ((...
                                      P + 2.6324) * (square(Ul) * -0.022564)))))) - 0.098096
32          6.219e-01  5.898e-04  y = log(sqrt(((Dg * Us) * Dl) - ((P * -0.026276) * (square...
                                      (Dl - Ul) + ((D * P) * square(Ul))))))
34          6.174e-01  3.627e-03  y = log(sqrt((Dl * (Us * Dg)) - (((square(Ul) * (((Dl + P)...
                                       * D) - (square(Ul) * -0.11932))) * -0.015085) * P)))
39          6.161e-01  4.191e-04  y = log(sqrt(((Dl * Us) * Dg) - (square(Ul) * (((((0.45245...
                                       + P) * D) - (square(Ul) * ((P + Ul) * -0.016141))) * -0.0...
                                      16141) * P))))
40          6.159e-01  4.344e-04  y = log(sqrt((Dl * (Us * Dg)) - ((square(Ul) * ((((Dl + P)...
                                       * D) - (square(Ul) * ((P + Ul) * -0.023341))) * -0.013547...
                                      )) * P)))
───────────────────────────────────────────────────────────────────────────────────────────────────
════════════════════════════════════════════════════════════════════════════════════════════════════
Press 'q' and then <enter> to stop execution early.

Expressions evaluated per second: 4.770e+02
Progress: 710 / 19200 total iterations (3.698%)
════════════════════════════════════════════════════════════════════════════════════════════════════
───────────────────────────────────────────────────────────────────────────────────────────────────
Complexity  Loss       Score      Equation
1           1.245e+00  0.000e+00  y = 0.06991
3           1.184e+00  2.489e-02  y = log(D)
4           1.050e+00  1.204e-01  y = log(sqrt(D))
5           9.896e-01  5.926e-02  y = log(D + 0.31019)
6           8.445e-01  1.585e-01  y = log(Dg * Us)
7           8.255e-01  2.280e-02  y = log(sqrt(Dg * Us))
8           7.804e-01  5.613e-02  y = log(Us * Dg) * 0.69122
9           7.792e-01  1.558e-03  y = log(Us * Dg) * sqrt(0.52402)
10          7.308e-01  6.417e-02  y = log(sqrt((Us * Dl) * Dg))
11          7.267e-01  5.636e-03  y = log(Dl * (Dg * Us)) * 0.5436
12          7.014e-01  3.548e-02  y = log((sqrt(Dl) * Dg) * Us) * 0.69105
14          6.962e-01  3.708e-03  y = log(sqrt(Us * ((Dg * Dl) - -0.095464))) * 1.3401
15          6.524e-01  6.499e-02  y = log(sqrt(Us * (Dl * (Dg - (P * -0.39045)))))
16          6.512e-01  1.836e-03  y = log(Us * ((Dg * Dl) - (P * -0.19261))) * 0.5436
18          6.376e-01  1.050e-02  y = log(sqrt((Dg - ((Ul * P) * -0.13053)) * (Us * Dl)))
19          6.322e-01  8.643e-03  y = log(sqrt(Us * ((Dl * Dg) - (square(P * Ul) * -0.016141...
                                      ))))
21          6.308e-01  1.074e-03  y = log(sqrt((Us * ((Dg * Dl) - ((P * square(Ul)) * -0.026...
                                      276))) * 0.91658))
22          6.258e-01  7.935e-03  y = log(sqrt(Us * ((Dl * Dg) - (((square(Ul) * Ul) * -0.00...
                                      52945) * P))))
24          6.251e-01  5.730e-04  y = log(sqrt((((Us * Dg) * Dl) / Zs) - ((P * -0.17412) * s...
                                      quare(Ul - 1.118))))
25          6.191e-01  9.692e-03  y = log(sqrt(((Us * (Dg * Dl)) / Zs) - ((P * -0.23102) * s...
                                      quare(Ul - Zs))))
34          6.174e-01  2.919e-04  y = log(sqrt((Dl * (Us * Dg)) - (((square(Ul) * (((Dl + P)...
                                       * D) - (square(Ul) * -0.11932))) * -0.015085) * P)))
37          6.145e-01  1.576e-03  y = log(sqrt(((Us * Dg) * Dl) - ((-0.016141 * P) * (square...
                                      (Ul) * ((P * D) - (((Ul + Ul) * square(Ul)) * -0.016141)))...
                                      )))
39          6.142e-01  2.401e-04  y = log(sqrt(((Dl * Us) * Dg) - ((((((D * P) + -0.083906) ...
                                      - ((square(Ul) * (Us + Ul)) * -0.017232)) * -0.019364) * P...
                                      ) * square(Ul))))
───────────────────────────────────────────────────────────────────────────────────────────────────
════════════════════════════════════════════════════════════════════════════════════════════════════
Press 'q' and then <enter> to stop execution early.

Expressions evaluated per second: 5.890e+02
Progress: 774 / 19200 total iterations (4.031%)
════════════════════════════════════════════════════════════════════════════════════════════════════
───────────────────────────────────────────────────────────────────────────────────────────────────
Complexity  Loss       Score      Equation
1           1.245e+00  0.000e+00  y = 0.06991
3           1.184e+00  2.489e-02  y = log(D)
4           1.050e+00  1.204e-01  y = log(sqrt(D))
5           9.896e-01  5.926e-02  y = log(D + 0.31019)
6           8.445e-01  1.585e-01  y = log(Dg * Us)
7           8.255e-01  2.280e-02  y = log(sqrt(Dg * Us))
8           7.804e-01  5.613e-02  y = log(Us * Dg) * 0.69122
9           7.792e-01  1.558e-03  y = log(Us * Dg) * sqrt(0.52402)
10          7.308e-01  6.417e-02  y = log(sqrt((Us * Dl) * Dg))
11          7.267e-01  5.636e-03  y = log(Dl * (Dg * Us)) * 0.5436
12          7.014e-01  3.548e-02  y = log((sqrt(Dl) * Dg) * Us) * 0.69105
13          6.997e-01  2.367e-03  y = log(Us * ((Dg * Dl) - -0.11679)) * 0.70084
14          6.940e-01  8.156e-03  y = log(sqrt(Dl * (((Us * Dg) / 0.81766) ^ 1.2346)))
15          6.524e-01  6.189e-02  y = log(sqrt(Us * (Dl * (Dg - (P * -0.39045)))))
16          6.512e-01  1.836e-03  y = log(Us * ((Dg * Dl) - (P * -0.19261))) * 0.5436
18          6.376e-01  1.050e-02  y = log(sqrt((Dg - (Ul * (P * -0.13053))) * (Us * Dl)))
19          6.322e-01  8.643e-03  y = log(sqrt(Us * ((Dl * Dg) - (square(P * Ul) * -0.016141...
                                      ))))
21          6.307e-01  1.143e-03  y = log(sqrt(((Dl * Dg) - (square(P * Ul) * (0.52666 * -0....
                                      016141))) * Us))
22          6.258e-01  7.797e-03  y = log(sqrt(Us * ((Dl * Dg) - (((square(Ul) * Ul) * -0.00...
                                      52945) * P))))
24          6.251e-01  5.730e-04  y = log(sqrt((((Us * Dg) * Dl) / Zs) - ((P * -0.17412) * s...
                                      quare(Ul - 1.118))))
25          6.191e-01  9.692e-03  y = log(sqrt(((Us * (Dg * Dl)) / Zs) - ((P * -0.23102) * s...
                                      quare(Ul - Zs))))
34          6.174e-01  2.919e-04  y = log(sqrt((Dl * (Us * Dg)) - (((square(Ul) * (((Dl + P)...
                                       * D) - (square(Ul) * -0.11932))) * -0.015085) * P)))
37          6.145e-01  1.576e-03  y = log(sqrt(((Us * Dg) * Dl) - ((-0.016141 * P) * (square...
                                      (Ul) * ((P * D) - (((Ul + Ul) * square(Ul)) * -0.016141)))...
                                      )))
38          6.143e-01  3.239e-04  y = log(sqrt(((Dl * Dg) * Us) - (((((P * (D / 1.3355)) - (...
                                      ((Ul + 0.084718) * square(Ul)) * -0.024273)) * P) * -0.023...
                                      493) * square(Ul))))
39          6.142e-01  1.562e-04  y = log(sqrt(((Dl * Us) * Dg) - ((((((D * P) + -0.083906) ...
                                      - ((square(Ul) * (Us + Ul)) * -0.017232)) * -0.019364) * P...
                                      ) * square(Ul))))
───────────────────────────────────────────────────────────────────────────────────────────────────
════════════════════════════════════════════════════════════════════════════════════════════════════
Press 'q' and then <enter> to stop execution early.

Expressions evaluated per second: 6.690e+02
Progress: 828 / 19200 total iterations (4.312%)
════════════════════════════════════════════════════════════════════════════════════════════════════
───────────────────────────────────────────────────────────────────────────────────────────────────
Complexity  Loss       Score      Equation
1           1.245e+00  0.000e+00  y = 0.06991
3           1.184e+00  2.489e-02  y = log(D)
4           1.050e+00  1.204e-01  y = log(sqrt(D))
5           9.893e-01  5.954e-02  y = log(D + 0.30276)
6           8.445e-01  1.582e-01  y = log(Dg * Us)
7           8.255e-01  2.280e-02  y = log(sqrt(Dg * Us))
8           7.802e-01  5.643e-02  y = log(Dg * Us) / 1.3121
9           7.792e-01  1.259e-03  y = log(Us * Dg) * sqrt(0.52402)
10          7.308e-01  6.417e-02  y = log(sqrt((Us * Dl) * Dg))
11          7.267e-01  5.636e-03  y = log(Dl * (Dg * Us)) * 0.5436
12          7.014e-01  3.548e-02  y = log((sqrt(Dl) * Dg) * Us) * 0.69105
13          6.997e-01  2.367e-03  y = log(Us * ((Dg * Dl) - -0.11679)) * 0.70084
14          6.940e-01  8.156e-03  y = log(sqrt(Dl * (((Us * Dg) / 0.81766) ^ 1.2346)))
15          6.524e-01  6.189e-02  y = log(sqrt(Us * (Dl * (Dg - (P * -0.39045)))))
16          6.512e-01  1.836e-03  y = log(Us * ((Dg * Dl) - (P * -0.19261))) * 0.5436
18          6.376e-01  1.050e-02  y = log(sqrt((Dg - (Ul * (P * -0.13053))) * (Us * Dl)))
19          6.307e-01  1.093e-02  y = log(sqrt(((Dl * Dg) - (square(P * Ul) * -0.008501)) * ...
                                      Us))
22          6.258e-01  2.599e-03  y = log(sqrt(Us * ((Dl * Dg) - (((square(Ul) * Ul) * -0.00...
                                      52945) * P))))
24          6.251e-01  5.730e-04  y = log(sqrt((((Us * Dg) * Dl) / Zs) - ((P * -0.17412) * s...
                                      quare(Ul - 1.118))))
25          6.191e-01  9.692e-03  y = log(sqrt(((Us * (Dg * Dl)) / Zs) - ((P * -0.23102) * s...
                                      quare(Ul - Zs))))
32          6.183e-01  1.801e-04  y = log(sqrt(((Dg * Us) * Dl) - (square(Ul) * ((D - -0.431...
                                      47) * (P * ((Us + P) * -0.014487)))))) - 0.07031
34          6.174e-01  6.833e-04  y = log(sqrt((Dl * (Us * Dg)) - (((square(Ul) * (((Dl + P)...
                                       * D) - (square(Ul) * -0.11932))) * -0.015085) * P)))
36          6.172e-01  2.233e-04  y = log(sqrt(((Dl * Us) * Dg) - (((-0.019364 * (((D * P) +...
                                       -0.083906) - (square(Ul * Us) * -0.017232))) * P) * squar...
                                      e(Ul))))
37          6.145e-01  4.283e-03  y = log(sqrt(((Us * Dg) * Dl) - ((-0.016141 * P) * (square...
                                      (Ul) * ((P * D) - (((Ul + Ul) * square(Ul)) * -0.016141)))...
                                      )))
38          6.143e-01  3.239e-04  y = log(sqrt(((Dl * Dg) * Us) - (((((P * (D / 1.3355)) - (...
                                      ((Ul + 0.084718) * square(Ul)) * -0.024273)) * P) * -0.023...
                                      493) * square(Ul))))
39          6.142e-01  1.562e-04  y = log(sqrt(((Dl * Us) * Dg) - ((((((D * P) + -0.083906) ...
                                      - ((square(Ul) * (Us + Ul)) * -0.017232)) * -0.019364) * P...
                                      ) * square(Ul))))
───────────────────────────────────────────────────────────────────────────────────────────────────
════════════════════════════════════════════════════════════════════════════════════════════════════
Press 'q' and then <enter> to stop execution early.

Expressions evaluated per second: 6.790e+02
Progress: 866 / 19200 total iterations (4.510%)
════════════════════════════════════════════════════════════════════════════════════════════════════
───────────────────────────────────────────────────────────────────────────────────────────────────
Complexity  Loss       Score      Equation
1           1.245e+00  0.000e+00  y = 0.06991
3           1.184e+00  2.489e-02  y = log(D)
4           1.050e+00  1.204e-01  y = log(sqrt(D))
5           9.893e-01  5.954e-02  y = log(D + 0.30276)
6           8.445e-01  1.582e-01  y = log(Dg * Us)
7           8.255e-01  2.280e-02  y = log(sqrt(Dg * Us))
8           7.802e-01  5.643e-02  y = log(Dg * Us) / 1.3121
9           7.792e-01  1.259e-03  y = log(Us * Dg) * sqrt(0.52402)
10          7.308e-01  6.417e-02  y = log(sqrt((Us * Dl) * Dg))
11          7.267e-01  5.636e-03  y = log(Dl * (Dg * Us)) * 0.5436
12          7.014e-01  3.548e-02  y = log((sqrt(Dl) * Dg) * Us) * 0.69105
13          6.997e-01  2.367e-03  y = log(Us * ((Dg * Dl) - -0.11679)) * 0.70084
14          6.940e-01  8.156e-03  y = log(sqrt(Dl * (((Us * Dg) / 0.81766) ^ 1.2346)))
15          6.524e-01  6.189e-02  y = log(sqrt(Us * (Dl * (Dg - (P * -0.39045)))))
16          6.512e-01  1.836e-03  y = log(Us * ((Dg * Dl) - (P * -0.19261))) * 0.5436
18          6.376e-01  1.050e-02  y = log(sqrt((Dg - (Ul * (P * -0.13053))) * (Us * Dl)))
19          6.307e-01  1.093e-02  y = log(sqrt(((Dl * Dg) - (square(P * Ul) * -0.008501)) * ...
                                      Us))
21          6.294e-01  1.003e-03  y = log(sqrt(((Dg * Dl) - (square(P * Ul) * -0.008501)) * ...
                                      (Us + 0.021757)))
22          6.258e-01  5.792e-03  y = log(sqrt(Us * ((Dl * Dg) - (((square(Ul) * Ul) * -0.00...
                                      52945) * P))))
24          6.251e-01  5.730e-04  y = log(sqrt((((Us * Dg) * Dl) / Zs) - ((P * -0.17412) * s...
                                      quare(Ul - 1.118))))
25          6.191e-01  9.692e-03  y = log(sqrt(((Us * (Dg * Dl)) / Zs) - ((P * -0.23102) * s...
                                      quare(Ul - Zs))))
32          6.183e-01  1.801e-04  y = log(sqrt(((Dg * Us) * Dl) - (square(Ul) * ((D - -0.431...
                                      47) * (P * ((Us + P) * -0.014487)))))) - 0.07031
34          6.174e-01  6.833e-04  y = log(sqrt((Dl * (Us * Dg)) - (((square(Ul) * (((Dl + P)...
                                       * D) - (square(Ul) * -0.11932))) * -0.015085) * P)))
36          6.151e-01  1.895e-03  y = log(sqrt(((Dl * Dg) * Us) - (((((P * (D / 1.3355)) - (...
                                      (Us * square(Ul)) * -0.024273)) * P) * -0.023493) * square...
                                      (Ul))))
37          6.145e-01  9.383e-04  y = log(sqrt(((Us * Dg) * Dl) - ((-0.016141 * P) * (square...
                                      (Ul) * ((P * D) - (((Ul + Ul) * square(Ul)) * -0.016141)))...
                                      )))
38          6.143e-01  3.239e-04  y = log(sqrt(((Dl * Dg) * Us) - (((((P * (D / 1.3355)) - (...
                                      ((Ul + 0.084718) * square(Ul)) * -0.024273)) * P) * -0.023...
                                      493) * square(Ul))))
39          6.142e-01  1.562e-04  y = log(sqrt(((Dl * Us) * Dg) - ((((((D * P) + -0.083906) ...
                                      - ((square(Ul) * (Us + Ul)) * -0.017232)) * -0.019364) * P...
                                      ) * square(Ul))))
───────────────────────────────────────────────────────────────────────────────────────────────────
════════════════════════════════════════════════════════════════════════════════════════════════════
Press 'q' and then <enter> to stop execution early.

Expressions evaluated per second: 6.700e+02
Progress: 907 / 19200 total iterations (4.724%)
════════════════════════════════════════════════════════════════════════════════════════════════════
───────────────────────────────────────────────────────────────────────────────────────────────────
Complexity  Loss       Score      Equation
1           1.245e+00  0.000e+00  y = 0.06991
3           1.184e+00  2.489e-02  y = log(D)
4           1.050e+00  1.204e-01  y = log(sqrt(D))
5           9.893e-01  5.959e-02  y = log(D - -0.28268)
6           8.445e-01  1.582e-01  y = log(Dg * Us)
7           8.255e-01  2.280e-02  y = log(sqrt(Dg * Us))
8           7.802e-01  5.643e-02  y = log(Dg * Us) / 1.3121
9           7.792e-01  1.259e-03  y = log(Us * Dg) * sqrt(0.52402)
10          7.308e-01  6.417e-02  y = log(sqrt((Us * Dl) * Dg))
11          7.267e-01  5.636e-03  y = log(Dl * (Dg * Us)) * 0.5436
12          7.014e-01  3.548e-02  y = log((sqrt(Dl) * Dg) * Us) * 0.69105
13          6.997e-01  2.367e-03  y = log(Us * ((Dg * Dl) - -0.11679)) * 0.70084
14          6.940e-01  8.156e-03  y = log(sqrt(Dl * (((Us * Dg) / 0.81766) ^ 1.2346)))
15          6.524e-01  6.189e-02  y = log(sqrt(Us * (Dl * (Dg - (P * -0.39045)))))
16          6.512e-01  1.836e-03  y = log(Us * ((Dg * Dl) - (P * -0.19261))) * 0.5436
18          6.376e-01  1.050e-02  y = log(sqrt((Dg - (Ul * (P * -0.13053))) * (Us * Dl)))
19          6.307e-01  1.093e-02  y = log(sqrt(((Dl * Dg) - (square(P * Ul) * -0.008501)) * ...
                                      Us))
21          6.294e-01  1.003e-03  y = log(sqrt(((Dg * Dl) - (square(P * Ul) * -0.008501)) * ...
                                      (Us + 0.021757)))
22          6.258e-01  5.792e-03  y = log(sqrt(Us * ((Dl * Dg) - (((square(Ul) * Ul) * -0.00...
                                      52945) * P))))
24          6.251e-01  5.730e-04  y = log(sqrt((((Us * Dg) * Dl) / Zs) - ((P * -0.17412) * s...
                                      quare(Ul - 1.118))))
25          6.191e-01  9.692e-03  y = log(sqrt(((Us * (Dg * Dl)) / Zs) - ((P * -0.23102) * s...
                                      quare(Ul - Zs))))
30          6.176e-01  4.648e-04  y = (log(sqrt(((Dl * Dg) - (P * (Ul * (Ul * -0.032148)))) ...
                                      * (Us - (Dg * -0.47607)))) - 0.1876) / 0.91415
34          6.174e-01  7.572e-05  y = log(sqrt((Dl * (Us * Dg)) - (((square(Ul) * (((Dl + P)...
                                       * D) - (square(Ul) * -0.11932))) * -0.015085) * P)))
36          6.150e-01  1.957e-03  y = log(sqrt((Us * (Dg * Dl)) - (((P * -0.02202) * square(...
                                      Ul)) * ((D * P) - ((square(Ul) * -0.017224) * (Ul + 0.2427...
                                      5))))))
37          6.142e-01  1.354e-03  y = log(sqrt((Dg * (Dl * Us)) - (((P * ((P * D) - ((Ul + U...
                                      s) * (square(Ul) * -0.017337)))) * square(Ul)) * -0.0185))...
                                      )
───────────────────────────────────────────────────────────────────────────────────────────────────
════════════════════════════════════════════════════════════════════════════════════════════════════
Press 'q' and then <enter> to stop execution early.

Expressions evaluated per second: 6.440e+02
Progress: 954 / 19200 total iterations (4.969%)
════════════════════════════════════════════════════════════════════════════════════════════════════
───────────────────────────────────────────────────────────────────────────────────────────────────
Complexity  Loss       Score      Equation
1           1.245e+00  0.000e+00  y = 0.06991
3           1.184e+00  2.489e-02  y = log(D)
4           1.050e+00  1.204e-01  y = log(sqrt(D))
5           9.893e-01  5.959e-02  y = log(D - -0.28268)
6           8.445e-01  1.582e-01  y = log(Dg * Us)
7           8.255e-01  2.280e-02  y = log(sqrt(Dg * Us))
8           7.802e-01  5.643e-02  y = log(Dg * Us) / 1.3121
9           7.792e-01  1.259e-03  y = log(Us * Dg) * sqrt(0.52402)
10          7.308e-01  6.417e-02  y = log(sqrt((Us * Dl) * Dg))
11          7.267e-01  5.636e-03  y = log(Dl * (Dg * Us)) * 0.5436
12          7.014e-01  3.548e-02  y = log((sqrt(Dl) * Dg) * Us) * 0.69105
13          6.997e-01  2.367e-03  y = log(Us * ((Dg * Dl) - -0.11679)) * 0.70084
14          6.940e-01  8.156e-03  y = log(sqrt(Dl * (((Us * Dg) / 0.81766) ^ 1.2346)))
15          6.524e-01  6.189e-02  y = log(sqrt(Us * (Dl * (Dg - (P * -0.39045)))))
16          6.484e-01  6.058e-03  y = log(Us * ((Dg * Dl) - (P * -0.19261))) * 0.55899
18          6.376e-01  8.386e-03  y = log(sqrt((Dg - (Ul * (P * -0.13053))) * (Us * Dl)))
19          6.291e-01  1.347e-02  y = log(sqrt(Us * ((Dg * Dl) - (square(P * Ul) * -0.012378...
                                      ))))
22          6.252e-01  2.065e-03  y = log(sqrt((Us * (Dl * Dg)) - ((square(Ul * Ul) * P) * -...
                                      0.0045203)))
24          6.251e-01  1.052e-04  y = log(sqrt((((Us * Dg) * Dl) / Zs) - ((P * -0.17412) * s...
                                      quare(Ul - 1.118))))
25          6.191e-01  9.692e-03  y = log(sqrt(((Us * (Dg * Dl)) / Zs) - ((P * -0.23102) * s...
                                      quare(Ul - Zs))))
30          6.176e-01  4.648e-04  y = (log(sqrt(((Dl * Dg) - (P * (Ul * (Ul * -0.032148)))) ...
                                      * (Us - (Dg * -0.47607)))) - 0.1876) / 0.91415
34          6.174e-01  7.572e-05  y = log(sqrt((Dl * (Us * Dg)) - (((square(Ul) * (((Dl + P)...
                                       * D) - (square(Ul) * -0.11932))) * -0.015085) * P)))
36          6.150e-01  1.957e-03  y = log(sqrt((Us * (Dg * Dl)) - (((P * -0.02202) * square(...
                                      Ul)) * ((D * P) - ((square(Ul) * -0.017224) * (Ul + 0.2427...
                                      5))))))
37          6.142e-01  1.354e-03  y = log(sqrt((Dg * (Dl * Us)) - (((P * ((P * D) - ((Ul + U...
                                      s) * (square(Ul) * -0.017337)))) * square(Ul)) * -0.0185))...
                                      )
40          6.111e-01  1.673e-03  y = log(sqrt((Us * ((Dg / Zs) * Dl)) - (square(Ul) * ((((D...
                                       * P) - (square(Ul) * ((Ul + Ul) * -0.016141))) * -0.01614...
                                      1) * P))))
───────────────────────────────────────────────────────────────────────────────────────────────────
════════════════════════════════════════════════════════════════════════════════════════════════════
Press 'q' and then <enter> to stop execution early.

Expressions evaluated per second: 6.350e+02
Progress: 1017 / 19200 total iterations (5.297%)
════════════════════════════════════════════════════════════════════════════════════════════════════
───────────────────────────────────────────────────────────────────────────────────────────────────
Complexity  Loss       Score      Equation
1           1.245e+00  0.000e+00  y = 0.069908
3           1.184e+00  2.489e-02  y = log(D)
4           1.050e+00  1.204e-01  y = log(sqrt(D))
5           9.892e-01  5.969e-02  y = log(D - -0.2881)
6           8.445e-01  1.581e-01  y = log(Dg * Us)
7           8.255e-01  2.280e-02  y = log(sqrt(Dg * Us))
8           7.802e-01  5.643e-02  y = log(Dg * Us) / 1.3121
9           7.792e-01  1.259e-03  y = log(Us * Dg) * sqrt(0.52402)
10          7.308e-01  6.417e-02  y = log(sqrt((Us * Dl) * Dg))
11          7.267e-01  5.636e-03  y = log(Dl * (Dg * Us)) * 0.5436
12          7.014e-01  3.548e-02  y = log((sqrt(Dl) * Dg) * Us) * 0.69105
13          6.967e-01  6.607e-03  y = log((Us * (Dg * Dl)) - -0.11679) * 0.70084
14          6.940e-01  3.916e-03  y = log(sqrt(Dl * (((Us * Dg) / 0.81766) ^ 1.2346)))
15          6.524e-01  6.189e-02  y = log(sqrt(Us * (Dl * (Dg - (P * -0.39045)))))
16          6.471e-01  8.034e-03  y = log(((Dg * Dl) - (P * -0.27464)) * Us) * 0.60358
18          6.376e-01  7.456e-03  y = log(sqrt(Dl * ((Dg - (Ul * (P * -0.12392))) * Us)))
19          6.291e-01  1.335e-02  y = log(sqrt(Us * ((Dg * Dl) - (square(P * Ul) * -0.012378...
                                      ))))
21          6.271e-01  1.621e-03  y = log(sqrt(Dl * (((Dg / Zs) - (Ul * (-0.13053 * P))) * U...
                                      s)))
22          6.252e-01  2.952e-03  y = log(sqrt((Us * (Dl * Dg)) - ((square(Ul * Ul) * P) * -...
                                      0.0045203)))
24          6.251e-01  1.052e-04  y = log(sqrt((((Us * Dg) * Dl) / Zs) - ((P * -0.17412) * s...
                                      quare(Ul - 1.118))))
25          6.191e-01  9.692e-03  y = log(sqrt(((Us * (Dg * Dl)) / Zs) - ((P * -0.23102) * s...
                                      quare(Ul - Zs))))
30          6.176e-01  4.648e-04  y = (log(sqrt(((Dl * Dg) - (P * (Ul * (Ul * -0.032148)))) ...
                                      * (Us - (Dg * -0.47607)))) - 0.1876) / 0.91415
34          6.152e-01  9.913e-04  y = log(sqrt(((Us * Dg) * Dl) - (((((D * P) - (square(Ul) ...
                                      * (-0.017224 * Ul))) * square(Ul)) * P) * -0.02202)))
36          6.150e-01  1.255e-04  y = log(sqrt((Us * (Dg * Dl)) - (((P * -0.02202) * square(...
                                      Ul)) * ((D * P) - ((square(Ul) * -0.017224) * (Ul + 0.2427...
                                      5))))))
37          6.142e-01  1.354e-03  y = log(sqrt((Dg * (Dl * Us)) - (((P * ((P * D) - ((Ul + U...
                                      s) * (square(Ul) * -0.017337)))) * square(Ul)) * -0.0185))...
                                      )
40          6.111e-01  1.673e-03  y = log(sqrt((Us * ((Dg / Zs) * Dl)) - (square(Ul) * ((((D...
                                       * P) - (square(Ul) * ((Ul + Ul) * -0.016141))) * -0.01614...
                                      1) * P))))
───────────────────────────────────────────────────────────────────────────────────────────────────
════════════════════════════════════════════════════════════════════════════════════════════════════
Press 'q' and then <enter> to stop execution early.

Expressions evaluated per second: 7.550e+02
Progress: 1086 / 19200 total iterations (5.656%)
════════════════════════════════════════════════════════════════════════════════════════════════════
───────────────────────────────────────────────────────────────────────────────────────────────────
Complexity  Loss       Score      Equation
1           1.245e+00  0.000e+00  y = 0.069908
3           1.184e+00  2.489e-02  y = log(D)
4           1.050e+00  1.204e-01  y = log(sqrt(D))
5           9.892e-01  5.969e-02  y = log(D - -0.2881)
6           8.445e-01  1.581e-01  y = log(Dg * Us)
7           8.255e-01  2.280e-02  y = log(sqrt(Dg * Us))
8           7.802e-01  5.643e-02  y = log(Dg * Us) / 1.3121
9           7.792e-01  1.259e-03  y = log(Us * Dg) * sqrt(0.52402)
10          7.308e-01  6.417e-02  y = log(sqrt((Us * Dl) * Dg))
11          7.267e-01  5.636e-03  y = log(Dl * (Dg * Us)) * 0.5436
12          7.014e-01  3.548e-02  y = log((sqrt(Dl) * Dg) * Us) * 0.69105
13          6.967e-01  6.607e-03  y = log((Us * (Dg * Dl)) - -0.11679) * 0.70084
14          6.940e-01  3.916e-03  y = log(sqrt(Dl * (((Us * Dg) / 0.81766) ^ 1.2346)))
15          6.524e-01  6.189e-02  y = log(sqrt(Us * (Dl * (Dg - (P * -0.39045)))))
16          6.471e-01  8.034e-03  y = log(((Dg * Dl) - (P * -0.27464)) * Us) * 0.60358
18          6.376e-01  7.456e-03  y = log(sqrt(Dl * ((Dg - (Ul * (P * -0.12392))) * Us)))
19          6.291e-01  1.335e-02  y = log(sqrt(Us * ((Dg * Dl) - (square(P * Ul) * -0.012378...
                                      ))))
21          6.271e-01  1.621e-03  y = log(sqrt(Dl * (((Dg / Zs) - (Ul * (-0.13053 * P))) * U...
                                      s)))
22          6.252e-01  2.952e-03  y = log(sqrt((Us * (Dl * Dg)) - ((square(Ul * Ul) * P) * -...
                                      0.0045203)))
24          6.251e-01  1.052e-04  y = log(sqrt((((Us * Dg) * Dl) / Zs) - ((P * -0.17412) * s...
                                      quare(Ul - 1.118))))
25          6.191e-01  9.692e-03  y = log(sqrt(((Us * (Dg * Dl)) / Zs) - ((P * -0.23102) * s...
                                      quare(Ul - Zs))))
30          6.176e-01  4.648e-04  y = (log(sqrt(((Dl * Dg) - (P * (Ul * (Ul * -0.032148)))) ...
                                      * (Us - (Dg * -0.47607)))) - 0.1876) / 0.91415
34          6.152e-01  9.913e-04  y = log(sqrt(((Us * Dg) * Dl) - (((((D * P) - (square(Ul) ...
                                      * (-0.017224 * Ul))) * square(Ul)) * P) * -0.02202)))
36          6.150e-01  1.255e-04  y = log(sqrt((Us * (Dg * Dl)) - (((P * -0.02202) * square(...
                                      Ul)) * ((D * P) - ((square(Ul) * -0.017224) * (Ul + 0.2427...
                                      5))))))
37          6.142e-01  1.354e-03  y = log(sqrt((Dg * (Dl * Us)) - (((P * ((P * D) - ((Ul + U...
                                      s) * (square(Ul) * -0.017337)))) * square(Ul)) * -0.0185))...
                                      )
40          6.111e-01  1.673e-03  y = log(sqrt((Us * ((Dg / Zs) * Dl)) - (square(Ul) * ((((D...
                                       * P) - (square(Ul) * ((Ul + Ul) * -0.016141))) * -0.01614...
                                      1) * P))))
───────────────────────────────────────────────────────────────────────────────────────────────────
════════════════════════════════════════════════════════════════════════════════════════════════════
Press 'q' and then <enter> to stop execution early.

Expressions evaluated per second: 7.190e+02
Progress: 1117 / 19200 total iterations (5.818%)
════════════════════════════════════════════════════════════════════════════════════════════════════
───────────────────────────────────────────────────────────────────────────────────────────────────
Complexity  Loss       Score      Equation
1           1.245e+00  0.000e+00  y = 0.069908
3           1.184e+00  2.489e-02  y = log(D)
4           1.050e+00  1.204e-01  y = log(sqrt(D))
5           9.892e-01  5.969e-02  y = log(D - -0.2881)
6           8.445e-01  1.581e-01  y = log(Dg * Us)
7           8.255e-01  2.280e-02  y = log(sqrt(Dg * Us))
8           7.802e-01  5.643e-02  y = log(Dg * Us) / 1.3121
9           7.792e-01  1.259e-03  y = log(Us * Dg) * sqrt(0.52402)
10          7.308e-01  6.417e-02  y = log(sqrt((Us * Dl) * Dg))
11          7.267e-01  5.636e-03  y = log(Dl * (Dg * Us)) * 0.5436
12          7.014e-01  3.548e-02  y = log((sqrt(Dl) * Dg) * Us) * 0.69105
13          6.967e-01  6.607e-03  y = log((Us * (Dg * Dl)) - -0.11679) * 0.70084
14          6.940e-01  3.916e-03  y = log(sqrt(Dl * (((Us * Dg) / 0.81766) ^ 1.2346)))
15          6.524e-01  6.189e-02  y = log(sqrt(Us * (Dl * (Dg - (P * -0.39045)))))
16          6.471e-01  8.034e-03  y = log(((Dg * Dl) - (P * -0.27464)) * Us) * 0.60358
18          6.376e-01  7.456e-03  y = log(sqrt(Dl * ((Dg - (Ul * (P * -0.12392))) * Us)))
19          6.291e-01  1.335e-02  y = log(sqrt(Us * ((Dg * Dl) - (square(P * Ul) * -0.012378...
                                      ))))
21          6.271e-01  1.621e-03  y = log(sqrt(Dl * (((Dg / Zs) - (Ul * (-0.13053 * P))) * U...
                                      s)))
22          6.252e-01  2.952e-03  y = log(sqrt((Us * (Dl * Dg)) - ((square(Ul * Ul) * P) * -...
                                      0.0045203)))
24          6.179e-01  5.861e-03  y = log(sqrt(((Dl * (Us * Dg)) / Zs) - ((P * -0.28296) * s...
                                      quare(Ul - 1.9531))))
30          6.176e-01  8.394e-05  y = (log(sqrt(((Dl * Dg) - (P * (Ul * (Ul * -0.032148)))) ...
                                      * (Us - (Dg * -0.47607)))) - 0.1876) / 0.91415
34          6.152e-01  9.913e-04  y = log(sqrt((Us * (Dg * Dl)) - (((P * -0.02202) * square(...
                                      Ul)) * ((D * P) - ((square(Ul) * -0.017224) * Ul)))))
36          6.143e-01  7.223e-04  y = log(sqrt(((Dg * Us) * Dl) - (square(Ul) * ((P * -0.017...
                                      733) * ((P * D) - ((square(Ul) * (Ul * -0.031376)) + 0.012...
                                      393))))))
37          6.142e-01  1.603e-04  y = log(sqrt((Dg * (Dl * Us)) - (((P * ((P * D) - ((Ul + U...
                                      s) * (square(Ul) * -0.017337)))) * square(Ul)) * -0.0185))...
                                      )
39          6.140e-01  1.957e-04  y = log(sqrt(((Dg * Dl) * Us) - (((D * P) - (-0.017224 * (...
                                      square(Ul) * (Ul - (Zt - 1.745))))) * ((square(Ul) * P) * ...
                                      -0.02202))))
40          6.111e-01  4.628e-03  y = log(sqrt((Us * ((Dg / Zs) * Dl)) - (square(Ul) * ((((D...
                                       * P) - (square(Ul) * ((Ul + Ul) * -0.016141))) * -0.01614...
                                      1) * P))))
───────────────────────────────────────────────────────────────────────────────────────────────────
════════════════════════════════════════════════════════════════════════════════════════════════════
Press 'q' and then <enter> to stop execution early.

Expressions evaluated per second: 6.970e+02
Progress: 1151 / 19200 total iterations (5.995%)
════════════════════════════════════════════════════════════════════════════════════════════════════
───────────────────────────────────────────────────────────────────────────────────────────────────
Complexity  Loss       Score      Equation
1           1.245e+00  0.000e+00  y = 0.069908
3           1.184e+00  2.489e-02  y = log(D)
4           1.050e+00  1.204e-01  y = log(sqrt(D))
5           9.892e-01  5.969e-02  y = log(D - -0.2881)
6           8.445e-01  1.581e-01  y = log(Dg * Us)
7           8.255e-01  2.280e-02  y = log(sqrt(Dg * Us))
8           7.802e-01  5.643e-02  y = log(Dg * Us) / 1.3121
9           7.792e-01  1.259e-03  y = log(Us * Dg) * sqrt(0.52402)
10          7.308e-01  6.417e-02  y = log(sqrt((Us * Dl) * Dg))
11          7.267e-01  5.636e-03  y = log(Dl * (Dg * Us)) * 0.5436
12          7.014e-01  3.548e-02  y = log((sqrt(Dl) * Dg) * Us) * 0.69105
13          6.967e-01  6.607e-03  y = log((Us * (Dg * Dl)) - -0.11679) * 0.70084
14          6.940e-01  3.916e-03  y = log(sqrt(Dl * (((Us * Dg) / 0.81766) ^ 1.2346)))
15          6.524e-01  6.189e-02  y = log(sqrt(Us * (Dl * (Dg - (P * -0.39045)))))
16          6.471e-01  8.034e-03  y = log(((Dg * Dl) - (P * -0.27464)) * Us) * 0.60358
18          6.376e-01  7.456e-03  y = log(sqrt(Dl * ((Dg - (Ul * (P * -0.12392))) * Us)))
19          6.291e-01  1.335e-02  y = log(sqrt(Us * ((Dg * Dl) - (square(P * Ul) * -0.012378...
                                      ))))
21          6.247e-01  3.497e-03  y = log(sqrt((Dl * (Us * Dg)) - (P * (-0.28296 * square(1....
                                      9536 - Ul)))))
24          6.179e-01  3.641e-03  y = log(sqrt(((Dl * (Us * Dg)) / Zs) - ((P * -0.28296) * s...
                                      quare(Ul - 1.9531))))
26          6.151e-01  2.270e-03  y = log(sqrt(((Dl * (Dg / (Dg ^ -0.3556))) * Us) - ((P * -...
                                      0.17412) * square(Ul - 1.3508))))
36          6.143e-01  1.374e-04  y = log(sqrt(((Dg * Us) * Dl) - (square(Ul) * ((P * -0.017...
                                      733) * ((P * D) - ((square(Ul) * (Ul * -0.031376)) + 0.012...
                                      393))))))
37          6.142e-01  2.369e-04  y = log(sqrt((Us * (Dg * Dl)) - (((P * -0.02202) * square(...
                                      Ul)) * ((D * P) - (((Ul - Dg) * -0.02202) * square(Ul)))))...
                                      )
39          6.140e-01  1.574e-04  y = log(sqrt(((Dg * Dl) * Us) - (((D * P) - (-0.017224 * (...
                                      square(Ul) * (Ul - (Zt - 1.745))))) * ((square(Ul) * P) * ...
                                      -0.02202))))
40          6.111e-01  4.628e-03  y = log(sqrt((Us * ((Dg / Zs) * Dl)) - (square(Ul) * ((((D...
                                       * P) - (square(Ul) * ((Ul + Ul) * -0.016141))) * -0.01614...
                                      1) * P))))
───────────────────────────────────────────────────────────────────────────────────────────────────
════════════════════════════════════════════════════════════════════════════════════════════════════
Press 'q' and then <enter> to stop execution early.

Expressions evaluated per second: 6.230e+02
Progress: 1182 / 19200 total iterations (6.156%)
════════════════════════════════════════════════════════════════════════════════════════════════════
───────────────────────────────────────────────────────────────────────────────────────────────────
Complexity  Loss       Score      Equation
1           1.245e+00  0.000e+00  y = 0.069908
3           1.184e+00  2.489e-02  y = log(D)
4           1.050e+00  1.204e-01  y = log(sqrt(D))
5           9.892e-01  5.969e-02  y = log(D - -0.2881)
6           8.445e-01  1.581e-01  y = log(Dg * Us)
7           8.255e-01  2.280e-02  y = log(sqrt(Dg * Us))
8           7.802e-01  5.643e-02  y = log(Dg * Us) / 1.3121
9           7.792e-01  1.259e-03  y = log(Us * Dg) * sqrt(0.52402)
10          7.308e-01  6.417e-02  y = log(sqrt((Us * Dl) * Dg))
11          7.267e-01  5.636e-03  y = log(Dl * (Dg * Us)) * 0.5436
12          7.014e-01  3.548e-02  y = log((sqrt(Dl) * Dg) * Us) * 0.69105
13          6.967e-01  6.607e-03  y = log((Us * (Dg * Dl)) - -0.11679) * 0.70084
14          6.940e-01  3.916e-03  y = log(sqrt(Dl * (((Us * Dg) / 0.81766) ^ 1.2346)))
15          6.524e-01  6.189e-02  y = log(sqrt(Us * (Dl * (Dg - (P * -0.39045)))))
16          6.471e-01  8.034e-03  y = log(((Dg * Dl) - (P * -0.27464)) * Us) * 0.60358
18          6.376e-01  7.456e-03  y = log(sqrt(Dl * ((Dg - (Ul * (P * -0.12392))) * Us)))
19          6.291e-01  1.335e-02  y = log(sqrt(Us * ((Dg * Dl) - (square(P * Ul) * -0.012378...
                                      ))))
21          6.247e-01  3.499e-03  y = log(sqrt((Dl * (Us * Dg)) - ((P * -0.28296) * square(U...
                                      l - 1.9531))))
24          6.179e-01  3.640e-03  y = log(sqrt(((Dl * (Us * Dg)) / Zs) - ((P * -0.28296) * s...
                                      quare(Ul - 1.9531))))
26          6.151e-01  2.270e-03  y = log(sqrt(((Dl * (Dg / (Dg ^ -0.3556))) * Us) - ((P * -...
                                      0.17412) * square(Ul - 1.3508))))
36          6.143e-01  1.374e-04  y = log(sqrt(((Dg * Us) * Dl) - (square(Ul) * ((P * -0.017...
                                      733) * ((P * D) - ((square(Ul) * (Ul * -0.031376)) + 0.012...
                                      393))))))
37          6.142e-01  2.369e-04  y = log(sqrt((Us * (Dg * Dl)) - (((P * -0.02202) * square(...
                                      Ul)) * ((D * P) - (((Ul - Dg) * -0.02202) * square(Ul)))))...
                                      )
39          6.140e-01  1.574e-04  y = log(sqrt(((Dg * Dl) * Us) - (((D * P) - (-0.017224 * (...
                                      square(Ul) * (Ul - (Zt - 1.745))))) * ((square(Ul) * P) * ...
                                      -0.02202))))
40          6.111e-01  4.628e-03  y = log(sqrt((Us * ((Dg / Zs) * Dl)) - (square(Ul) * ((((D...
                                       * P) - (square(Ul) * ((Ul + Ul) * -0.016141))) * -0.01614...
                                      1) * P))))
───────────────────────────────────────────────────────────────────────────────────────────────────
════════════════════════════════════════════════════════════════════════════════════════════════════
Press 'q' and then <enter> to stop execution early.

Expressions evaluated per second: 4.930e+02
Progress: 1218 / 19200 total iterations (6.344%)
════════════════════════════════════════════════════════════════════════════════════════════════════
───────────────────────────────────────────────────────────────────────────────────────────────────
Complexity  Loss       Score      Equation
1           1.245e+00  0.000e+00  y = 0.069908
3           1.184e+00  2.489e-02  y = log(D)
4           1.050e+00  1.204e-01  y = log(sqrt(D))
5           9.892e-01  5.969e-02  y = log(D - -0.2881)
6           8.445e-01  1.581e-01  y = log(Dg * Us)
7           8.255e-01  2.280e-02  y = log(sqrt(Dg * Us))
8           7.802e-01  5.643e-02  y = log(Dg * Us) / 1.3121
9           7.792e-01  1.259e-03  y = log(Us * Dg) * sqrt(0.52402)
10          7.308e-01  6.417e-02  y = log(sqrt((Us * Dl) * Dg))
11          7.267e-01  5.636e-03  y = log(Dl * (Dg * Us)) * 0.5436
12          7.014e-01  3.548e-02  y = log((sqrt(Dl) * Dg) * Us) * 0.69105
13          6.967e-01  6.607e-03  y = log((Us * (Dg * Dl)) - -0.11679) * 0.70084
14          6.940e-01  3.916e-03  y = log(sqrt(Dl * (((Us * Dg) / 0.81766) ^ 1.2346)))
15          6.524e-01  6.189e-02  y = log(sqrt(Us * (Dl * (Dg - (P * -0.39045)))))
16          6.446e-01  1.192e-02  y = log(Us * ((Dg * Dl) - (P * -0.20183))) * 0.60634
18          6.376e-01  5.513e-03  y = log(sqrt(Dl * ((Dg - (Ul * (P * -0.12392))) * Us)))
19          6.289e-01  1.363e-02  y = log(sqrt(((Dg * Dl) - (square(P * Ul) * -0.011481)) * ...
                                      Us))
21          6.247e-01  3.358e-03  y = log(sqrt((Dl * (Us * Dg)) - ((P * -0.28296) * square(U...
                                      l - 1.9531))))
24          6.179e-01  3.640e-03  y = log(sqrt(((Dl * (Us * Dg)) / Zs) - ((P * -0.28296) * s...
                                      quare(Ul - 1.9531))))
26          6.151e-01  2.270e-03  y = log(sqrt(((Dl * (Dg / (Dg ^ -0.3556))) * Us) - ((P * -...
                                      0.17412) * square(Ul - 1.3508))))
32          6.146e-01  1.587e-04  y = log(sqrt((Us * Dl) * ((Dg / Zs) - (((3.3415 - ((square...
                                      (Ul + 0.052562) * -0.020404) * square(Ul))) * -0.05163) * ...
                                      P))))
34          6.139e-01  5.540e-04  y = log(sqrt(Dl * (Us * ((Dg / Zs) - ((((1.7416 - (square(...
                                      Ul) * (square(Ul + 0.22687) * -0.016141))) + 1.5903) * -0....
                                      0632) * P)))))
40          6.111e-01  7.490e-04  y = log(sqrt((Us * ((Dg / Zs) * Dl)) - (square(Ul) * ((((D...
                                       * P) - (square(Ul) * ((Ul + Ul) * -0.016141))) * -0.01614...
                                      1) * P))))
───────────────────────────────────────────────────────────────────────────────────────────────────
════════════════════════════════════════════════════════════════════════════════════════════════════
Press 'q' and then <enter> to stop execution early.

Expressions evaluated per second: 5.190e+02
Progress: 1264 / 19200 total iterations (6.583%)

[50034] signal 15: Terminated
in expression starting at none:0
ws_queue_steal_from at /cache/build/builder-amdci5-4/julialang/julia-release-1-dot-12/src/work-stealing-queue.h:99 [inlined]
gc_chunkqueue_steal_from at /cache/build/builder-amdci5-4/julialang/julia-release-1-dot-12/src/gc-stock.c:1671 [inlined]
gc_mark_and_steal at /cache/build/builder-amdci5-4/julialang/julia-release-1-dot-12/src/gc-stock.c:2594
gc_mark_loop_parallel at /cache/build/builder-amdci5-4/julialang/julia-release-1-dot-12/src/gc-stock.c:2722 [inlined]
jl_parallel_gc_threadfun at /cache/build/builder-amdci5-4/julialang/julia-release-1-dot-12/src/gc-stock.c:3644
start_thread at /lib64/libc.so.6 (unknown line)
__clone3 at /lib64/libc.so.6 (unknown line)
unknown function (ip: (nil)) at (unknown file)
ws_queue_push at /cache/build/builder-amdci5-4/julialang/julia-release-1-dot-12/src/work-stealing-queue.h:55 [inlined]
gc_ptr_queue_push at /cache/build/builder-amdci5-4/julialang/julia-release-1-dot-12/src/gc-stock.c:1606 [inlined]
gc_try_claim_and_push at /cache/build/builder-amdci5-4/julialang/julia-release-1-dot-12/src/gc-stock.c:1686 [inlined]
gc_mark_objarray at /cache/build/builder-amdci5-4/julialang/julia-release-1-dot-12/src/gc-stock.c:1837
gc_mark_outrefs at /cache/build/builder-amdci5-4/julialang/julia-release-1-dot-12/src/gc-stock.c:2412 [inlined]
gc_mark_and_steal at /cache/build/builder-amdci5-4/julialang/julia-release-1-dot-12/src/gc-stock.c:2567
gc_mark_loop_parallel at /cache/build/builder-amdci5-4/julialang/julia-release-1-dot-12/src/gc-stock.c:2722 [inlined]
jl_parallel_gc_threadfun at /cache/build/builder-amdci5-4/julialang/julia-release-1-dot-12/src/gc-stock.c:3644
start_thread at /lib64/libc.so.6 (unknown line)
__clone3 at /lib64/libc.so.6 (unknown line)
unknown function (ip: (nil)) at (unknown file)
gc_mark_obj8 at /cache/build/builder-amdci5-4/julialang/julia-release-1-dot-12/src/gc-stock.c:1704 [inlined]
gc_mark_outrefs at /cache/build/builder-amdci5-4/julialang/julia-release-1-dot-12/src/gc-stock.c:2463 [inlined]
gc_mark_and_steal at /cache/build/builder-amdci5-4/julialang/julia-release-1-dot-12/src/gc-stock.c:2567
gc_mark_loop_parallel at /cache/build/builder-amdci5-4/julialang/julia-release-1-dot-12/src/gc-stock.c:2722 [inlined]
jl_parallel_gc_threadfun at /cache/build/builder-amdci5-4/julialang/julia-release-1-dot-12/src/gc-stock.c:3644
start_thread at /lib64/libc.so.6 (unknown line)
__clone3 at /lib64/libc.so.6 (unknown line)
unknown function (ip: (nil)) at (unknown file)
ws_queue_steal_from at /cache/build/builder-amdci5-4/julialang/julia-release-1-dot-12/src/work-stealing-queue.h:98 [inlined]
gc_chunkqueue_steal_from at /cache/build/builder-amdci5-4/julialang/julia-release-1-dot-12/src/gc-stock.c:1671 [inlined]
gc_mark_and_steal at /cache/build/builder-amdci5-4/julialang/julia-release-1-dot-12/src/gc-stock.c:2594
gc_mark_loop_parallel at /cache/build/builder-amdci5-4/julialang/julia-release-1-dot-12/src/gc-stock.c:2722 [inlined]
jl_parallel_gc_threadfun at /cache/build/builder-amdci5-4/julialang/julia-release-1-dot-12/src/gc-stock.c:3644
start_thread at /lib64/libc.so.6 (unknown line)
__clone3 at /lib64/libc.so.6 (unknown line)
unknown function (ip: (nil)) at (unknown file)
ws_queue_steal_from at /cache/build/builder-amdci5-4/julialang/julia-release-1-dot-12/src/work-stealing-queue.h:98 [inlined]
gc_ptr_queue_steal_from at /cache/build/builder-amdci5-4/julialang/julia-release-1-dot-12/src/gc-stock.c:1624 [inlined]
gc_mark_and_steal at /cache/build/builder-amdci5-4/julialang/julia-release-1-dot-12/src/gc-stock.c:2612
gc_mark_loop_parallel at /cache/build/builder-amdci5-4/julialang/julia-release-1-dot-12/src/gc-stock.c:2722 [inlined]
jl_parallel_gc_threadfun at /cache/build/builder-amdci5-4/julialang/julia-release-1-dot-12/src/gc-stock.c:3644
start_thread at /lib64/libc.so.6 (unknown line)
__clone3 at /lib64/libc.so.6 (unknown line)
unknown function (ip: (nil)) at (unknown file)
ws_queue_steal_from at /cache/build/builder-amdci5-4/julialang/julia-release-1-dot-12/src/work-stealing-queue.h:96 [inlined]
gc_ptr_queue_steal_from at /cache/build/builder-amdci5-4/julialang/julia-release-1-dot-12/src/gc-stock.c:1624 [inlined]
gc_mark_and_steal at /cache/build/builder-amdci5-4/julialang/julia-release-1-dot-12/src/gc-stock.c:2612
gc_mark_loop_parallel at /cache/build/builder-amdci5-4/julialang/julia-release-1-dot-12/src/gc-stock.c:2722 [inlined]
jl_parallel_gc_threadfun at /cache/build/builder-amdci5-4/julialang/julia-release-1-dot-12/src/gc-stock.c:3644
start_thread at /lib64/libc.so.6 (unknown line)
__clone3 at /lib64/libc.so.6 (unknown line)
unknown function (ip: (nil)) at (unknown file)
gc_try_claim_and_push at /cache/build/builder-amdci5-4/julialang/julia-release-1-dot-12/src/gc-stock.c:1685 [inlined]
gc_mark_obj8 at /cache/build/builder-amdci5-4/julialang/julia-release-1-dot-12/src/gc-stock.c:1705 [inlined]
gc_mark_outrefs at /cache/build/builder-amdci5-4/julialang/julia-release-1-dot-12/src/gc-stock.c:2463 [inlined]
gc_mark_and_steal at /cache/build/builder-amdci5-4/julialang/julia-release-1-dot-12/src/gc-stock.c:2567
gc_mark_loop_parallel at /cache/build/builder-amdci5-4/julialang/julia-release-1-dot-12/src/gc-stock.c:2722 [inlined]
jl_parallel_gc_threadfun at /cache/build/builder-amdci5-4/julialang/julia-release-1-dot-12/src/gc-stock.c:3644
start_thread at /lib64/libc.so.6 (unknown line)
__clone3 at /lib64/libc.so.6 (unknown line)
unknown function (ip: (nil)) at (unknown file)
gc_mark_obj8 at /cache/build/builder-amdci5-4/julialang/julia-release-1-dot-12/src/gc-stock.c:1712 [inlined]
gc_mark_outrefs at /cache/build/builder-amdci5-4/julialang/julia-release-1-dot-12/src/gc-stock.c:2463 [inlined]
gc_mark_and_steal at /cache/build/builder-amdci5-4/julialang/julia-release-1-dot-12/src/gc-stock.c:2567
gc_mark_loop_parallel at /cache/build/builder-amdci5-4/julialang/julia-release-1-dot-12/src/gc-stock.c:2722 [inlined]
jl_parallel_gc_threadfun at /cache/build/builder-amdci5-4/julialang/julia-release-1-dot-12/src/gc-stock.c:3644
start_thread at /lib64/libc.so.6 (unknown line)
__clone3 at /lib64/libc.so.6 (unknown line)
unknown function (ip: (nil)) at (unknown file)
ws_queue_steal_from at /cache/build/builder-amdci5-4/julialang/julia-release-1-dot-12/src/work-stealing-queue.h:99 [inlined]
gc_chunkqueue_steal_from at /cache/build/builder-amdci5-4/julialang/julia-release-1-dot-12/src/gc-stock.c:1671 [inlined]
gc_mark_and_steal at /cache/build/builder-amdci5-4/julialang/julia-release-1-dot-12/src/gc-stock.c:2583
gc_mark_loop_parallel at /cache/build/builder-amdci5-4/julialang/julia-release-1-dot-12/src/gc-stock.c:2722 [inlined]
jl_parallel_gc_threadfun at /cache/build/builder-amdci5-4/julialang/julia-release-1-dot-12/src/gc-stock.c:3644
start_thread at /lib64/libc.so.6 (unknown line)
__clone3 at /lib64/libc.so.6 (unknown line)
unknown function (ip: (nil)) at (unknown file)
gc_mark_objarray at /cache/build/builder-amdci5-4/julialang/julia-release-1-dot-12/src/gc-stock.c:1806
gc_mark_outrefs at /cache/build/builder-amdci5-4/julialang/julia-release-1-dot-12/src/gc-stock.c:2412 [inlined]
gc_mark_and_steal at /cache/build/builder-amdci5-4/julialang/julia-release-1-dot-12/src/gc-stock.c:2567
gc_mark_loop_parallel at /cache/build/builder-amdci5-4/julialang/julia-release-1-dot-12/src/gc-stock.c:2722 [inlined]
jl_parallel_gc_threadfun at /cache/build/builder-amdci5-4/julialang/julia-release-1-dot-12/src/gc-stock.c:3644
start_thread at /lib64/libc.so.6 (unknown line)
__clone3 at /lib64/libc.so.6 (unknown line)
unknown function (ip: (nil)) at (unknown file)
gc_try_claim_and_push at /cache/build/builder-amdci5-4/julialang/julia-release-1-dot-12/src/gc-stock.c:1685 [inlined]
gc_mark_obj8 at /cache/build/builder-amdci5-4/julialang/julia-release-1-dot-12/src/gc-stock.c:1705 [inlined]
gc_mark_outrefs at /cache/build/builder-amdci5-4/julialang/julia-release-1-dot-12/src/gc-stock.c:2463 [inlined]
gc_mark_and_steal at /cache/build/builder-amdci5-4/julialang/julia-release-1-dot-12/src/gc-stock.c:2567
gc_mark_loop_parallel at /cache/build/builder-amdci5-4/julialang/julia-release-1-dot-12/src/gc-stock.c:2722 [inlined]
jl_parallel_gc_threadfun at /cache/build/builder-amdci5-4/julialang/julia-release-1-dot-12/src/gc-stock.c:3644
start_thread at /lib64/libc.so.6 (unknown line)
__clone3 at /lib64/libc.so.6 (unknown line)
unknown function (ip: (nil)) at (unknown file)
gc_mark_and_steal at /cache/build/builder-amdci5-4/julialang/julia-release-1-dot-12/src/gc-stock.c:2594
gc_mark_loop_parallel at /cache/build/builder-amdci5-4/julialang/julia-release-1-dot-12/src/gc-stock.c:2722 [inlined]
jl_parallel_gc_threadfun at /cache/build/builder-amdci5-4/julialang/julia-release-1-dot-12/src/gc-stock.c:3644
start_thread at /lib64/libc.so.6 (unknown line)
__clone3 at /lib64/libc.so.6 (unknown line)
unknown function (ip: (nil)) at (unknown file)
ws_queue_steal_from at /cache/build/builder-amdci5-4/julialang/julia-release-1-dot-12/src/work-stealing-queue.h:98 [inlined]
gc_chunkqueue_steal_from at /cache/build/builder-amdci5-4/julialang/julia-release-1-dot-12/src/gc-stock.c:1671 [inlined]
gc_mark_and_steal at /cache/build/builder-amdci5-4/julialang/julia-release-1-dot-12/src/gc-stock.c:2583
gc_mark_loop_parallel at /cache/build/builder-amdci5-4/julialang/julia-release-1-dot-12/src/gc-stock.c:2722 [inlined]
jl_parallel_gc_threadfun at /cache/build/builder-amdci5-4/julialang/julia-release-1-dot-12/src/gc-stock.c:3644
start_thread at /lib64/libc.so.6 (unknown line)
__clone3 at /lib64/libc.so.6 (unknown line)
unknown function (ip: (nil)) at (unknown file)
jl_is_layout_opaque at /cache/build/builder-amdci5-4/julialang/julia-release-1-dot-12/src/julia.h:1515 [inlined]
jl_datatype_layout at /cache/build/builder-amdci5-4/julialang/julia-release-1-dot-12/src/julia.h:1523 [inlined]
gc_mark_outrefs at /cache/build/builder-amdci5-4/julialang/julia-release-1-dot-12/src/gc-stock.c:2446 [inlined]
gc_mark_and_steal at /cache/build/builder-amdci5-4/julialang/julia-release-1-dot-12/src/gc-stock.c:2567
gc_mark_loop_parallel at /cache/build/builder-amdci5-4/julialang/julia-release-1-dot-12/src/gc-stock.c:2722 [inlined]
jl_parallel_gc_threadfun at /cache/build/builder-amdci5-4/julialang/julia-release-1-dot-12/src/gc-stock.c:3644
start_thread at /lib64/libc.so.6 (unknown line)
__clone3 at /lib64/libc.so.6 (unknown line)
unknown function (ip: (nil)) at (unknown file)
gc_mark_and_steal at /cache/build/builder-amdci5-4/julialang/julia-release-1-dot-12/src/gc-stock.c:2590
gc_mark_loop_parallel at /cache/build/builder-amdci5-4/julialang/julia-release-1-dot-12/src/gc-stock.c:2722 [inlined]
jl_parallel_gc_threadfun at /cache/build/builder-amdci5-4/julialang/julia-release-1-dot-12/src/gc-stock.c:3644
start_thread at /lib64/libc.so.6 (unknown line)
__clone3 at /lib64/libc.so.6 (unknown line)
unknown function (ip: (nil)) at (unknown file)
__futex_abstimed_wait_common at /lib64/libc.so.6 (unknown line)
pthread_cond_wait at /lib64/libc.so.6 (unknown line)
uv_cond_wait at /workspace/srcdir/libuv/src/unix/thread.c:822
jl_safepoint_wait_gc at /cache/build/builder-amdci5-4/julialang/julia-release-1-dot-12/src/safepoint.c:268 [inlined]
jl_set_gc_and_wait at /cache/build/builder-amdci5-4/julialang/julia-release-1-dot-12/src/safepoint.c:247
segv_handler at /cache/build/builder-amdci5-4/julialang/julia-release-1-dot-12/src/signals-unix.c:413 [inlined]
segv_handler at /cache/build/builder-amdci5-4/julialang/julia-release-1-dot-12/src/signals-unix.c:399
__GI___sigaction at /lib64/libc.so.6 (unknown line)
mapreduce_impl at ./reduce.jl:245
unknown function (ip: (nil)) at (unknown file)
__futex_abstimed_wait_common at /lib64/libc.so.6 (unknown line)
pthread_cond_wait at /lib64/libc.so.6 (unknown line)
uv_cond_wait at /workspace/srcdir/libuv/src/unix/thread.c:822
jl_safepoint_wait_gc at /cache/build/builder-amdci5-4/julialang/julia-release-1-dot-12/src/safepoint.c:268 [inlined]
jl_set_gc_and_wait at /cache/build/builder-amdci5-4/julialang/julia-release-1-dot-12/src/safepoint.c:247
segv_handler at /cache/build/builder-amdci5-4/julialang/julia-release-1-dot-12/src/signals-unix.c:413 [inlined]
segv_handler at /cache/build/builder-amdci5-4/julialang/julia-release-1-dot-12/src/signals-unix.c:399
__GI___sigaction at /lib64/libc.so.6 (unknown line)
mapreduce_impl at ./reduce.jl:245
unknown function (ip: (nil)) at (unknown file)
__futex_abstimed_wait_common at /lib64/libc.so.6 (unknown line)
pthread_cond_wait at /lib64/libc.so.6 (unknown line)
uv_cond_wait at /workspace/srcdir/libuv/src/unix/thread.c:822
jl_safepoint_wait_gc at /cache/build/builder-amdci5-4/julialang/julia-release-1-dot-12/src/safepoint.c:268 [inlined]
jl_set_gc_and_wait at /cache/build/builder-amdci5-4/julialang/julia-release-1-dot-12/src/safepoint.c:247
segv_handler at /cache/build/builder-amdci5-4/julialang/julia-release-1-dot-12/src/signals-unix.c:413 [inlined]
segv_handler at /cache/build/builder-amdci5-4/julialang/julia-release-1-dot-12/src/signals-unix.c:399
__GI___sigaction at /lib64/libc.so.6 (unknown line)
mapreduce_impl at ./reduce.jl:245
unknown function (ip: (nil)) at (unknown file)
__futex_abstimed_wait_common at /lib64/libc.so.6 (unknown line)
pthread_cond_wait at /lib64/libc.so.6 (unknown line)
uv_cond_wait at /workspace/srcdir/libuv/src/unix/thread.c:822
jl_safepoint_wait_gc at /cache/build/builder-amdci5-4/julialang/julia-release-1-dot-12/src/safepoint.c:268 [inlined]
jl_set_gc_and_wait at /cache/build/builder-amdci5-4/julialang/julia-release-1-dot-12/src/safepoint.c:247
segv_handler at /cache/build/builder-amdci5-4/julialang/julia-release-1-dot-12/src/signals-unix.c:413 [inlined]
segv_handler at /cache/build/builder-amdci5-4/julialang/julia-release-1-dot-12/src/signals-unix.c:399
__GI___sigaction at /lib64/libc.so.6 (unknown line)
mapreduce_impl at ./reduce.jl:245
unknown function (ip: (nil)) at (unknown file)
__futex_abstimed_wait_common at /lib64/libc.so.6 (unknown line)
pthread_cond_wait at /lib64/libc.so.6 (unknown line)
uv_cond_wait at /workspace/srcdir/libuv/src/unix/thread.c:822
jl_safepoint_wait_gc at /cache/build/builder-amdci5-4/julialang/julia-release-1-dot-12/src/safepoint.c:268 [inlined]
jl_set_gc_and_wait at /cache/build/builder-amdci5-4/julialang/julia-release-1-dot-12/src/safepoint.c:247
segv_handler at /cache/build/builder-amdci5-4/julialang/julia-release-1-dot-12/src/signals-unix.c:413 [inlined]
segv_handler at /cache/build/builder-amdci5-4/julialang/julia-release-1-dot-12/src/signals-unix.c:399
__GI___sigaction at /lib64/libc.so.6 (unknown line)
mapreduce_impl at ./reduce.jl:245
unknown function (ip: (nil)) at (unknown file)
__futex_abstimed_wait_common at /lib64/libc.so.6 (unknown line)
pthread_cond_wait at /lib64/libc.so.6 (unknown line)
uv_cond_wait at /workspace/srcdir/libuv/src/unix/thread.c:822
jl_safepoint_wait_gc at /cache/build/builder-amdci5-4/julialang/julia-release-1-dot-12/src/safepoint.c:268
jl_safepoint_start_gc at /cache/build/builder-amdci5-4/julialang/julia-release-1-dot-12/src/safepoint.c:203
ijl_gc_collect at /cache/build/builder-amdci5-4/julialang/julia-release-1-dot-12/src/gc-stock.c:3433
maybe_collect at /cache/build/builder-amdci5-4/julialang/julia-release-1-dot-12/src/gc-stock.c:351 [inlined]
jl_gc_small_alloc_inner at /cache/build/builder-amdci5-4/julialang/julia-release-1-dot-12/src/gc-stock.c:727 [inlined]
ijl_gc_small_alloc at /cache/build/builder-amdci5-4/julialang/julia-release-1-dot-12/src/gc-stock.c:776
Node at /glade/u/home/wchapman/.julia/packages/DynamicExpressions/gNHdy/src/Node.jl:130 [inlined]
default_allocator at /glade/u/home/wchapman/.julia/packages/DynamicExpressions/gNHdy/src/Node.jl:196 [inlined]
node_factory at /glade/u/home/wchapman/.julia/packages/DynamicExpressions/gNHdy/src/Node.jl:246 [inlined]
#_#60 at /glade/u/home/wchapman/.julia/packages/DynamicExpressions/gNHdy/src/Node.jl:219 [inlined]
AbstractExpressionNode at /glade/u/home/wchapman/.julia/packages/DynamicExpressions/gNHdy/src/Node.jl:207 [inlined]
leaf_copy at /glade/u/home/wchapman/.julia/packages/DynamicExpressions/gNHdy/src/base.jl:481 [inlined]
call_mapreducer at /glade/u/home/wchapman/.julia/packages/DynamicExpressions/gNHdy/src/base.jl:130
call_mapreducer at /glade/u/home/wchapman/.julia/packages/DynamicExpressions/gNHdy/src/base.jl:134
call_mapreducer at /glade/u/home/wchapman/.julia/packages/DynamicExpressions/gNHdy/src/base.jl:134
call_mapreducer at /glade/u/home/wchapman/.julia/packages/DynamicExpressions/gNHdy/src/base.jl:134
call_mapreducer at /glade/u/home/wchapman/.julia/packages/DynamicExpressions/gNHdy/src/base.jl:132
call_mapreducer at /glade/u/home/wchapman/.julia/packages/DynamicExpressions/gNHdy/src/base.jl:132
#tree_mapreduce#4 at /glade/u/home/wchapman/.julia/packages/DynamicExpressions/gNHdy/src/base.jl:108 [inlined]
tree_mapreduce at /glade/u/home/wchapman/.julia/packages/DynamicExpressions/gNHdy/src/base.jl:87 [inlined]
#copy_node#52 at /glade/u/home/wchapman/.julia/packages/DynamicExpressions/gNHdy/src/base.jl:475 [inlined]
copy_node at /glade/u/home/wchapman/.julia/packages/DynamicExpressions/gNHdy/src/base.jl:472 [inlined]
#copy#53 at /glade/u/home/wchapman/.julia/packages/DynamicExpressions/gNHdy/src/base.jl:497 [inlined]
copy at /glade/u/home/wchapman/.julia/packages/DynamicExpressions/gNHdy/src/base.jl:496 [inlined]
#copy#4 at /glade/u/home/wchapman/.julia/packages/DynamicExpressions/gNHdy/src/Expression.jl:268 [inlined]
copy at /glade/u/home/wchapman/.julia/packages/DynamicExpressions/gNHdy/src/Expression.jl:267 [inlined]
copy at /glade/u/home/wchapman/.julia/packages/SymbolicRegression/L5TJa/src/PopMember.jl:149 [inlined]
macro expansion at /glade/u/home/wchapman/.julia/packages/SymbolicRegression/L5TJa/src/Population.jl:96 [inlined]
#9 at ./threadingconstructs.jl:279
#7 at ./threadingconstructs.jl:246 [inlined]
#threading_run##0 at ./threadingconstructs.jl:178
jfptr_YY.threading_runYY.YY.0_28641 at /glade/u/home/wchapman/.julia/compiled/v1.12/SymbolicRegression/X2eIS_4CZWq.so (unknown line)
jl_apply at /cache/build/builder-amdci5-4/julialang/julia-release-1-dot-12/src/julia.h:2391 [inlined]
start_task at /cache/build/builder-amdci5-4/julialang/julia-release-1-dot-12/src/task.c:1252
unknown function (ip: (nil)) at (unknown file)
__futex_abstimed_wait_common at /lib64/libc.so.6 (unknown line)
pthread_cond_wait at /lib64/libc.so.6 (unknown line)
uv_cond_wait at /workspace/srcdir/libuv/src/unix/thread.c:822
jl_safepoint_wait_gc at /cache/build/builder-amdci5-4/julialang/julia-release-1-dot-12/src/safepoint.c:268
jl_safepoint_start_gc at /cache/build/builder-amdci5-4/julialang/julia-release-1-dot-12/src/safepoint.c:203
ijl_gc_collect at /cache/build/builder-amdci5-4/julialang/julia-release-1-dot-12/src/gc-stock.c:3433
maybe_collect at /cache/build/builder-amdci5-4/julialang/julia-release-1-dot-12/src/gc-stock.c:351 [inlined]
jl_gc_small_alloc_inner at /cache/build/builder-amdci5-4/julialang/julia-release-1-dot-12/src/gc-stock.c:727 [inlined]
jl_gc_small_alloc_noinline at /cache/build/builder-amdci5-4/julialang/julia-release-1-dot-12/src/gc-stock.c:785 [inlined]
jl_gc_alloc_ at /cache/build/builder-amdci5-4/julialang/julia-release-1-dot-12/src/gc-stock.c:799
jl_alloc_genericmemory_unchecked at /cache/build/builder-amdci5-4/julialang/julia-release-1-dot-12/src/genericmemory.c:41
GenericMemory at ./boot.jl:588 [inlined]
Array at ./boot.jl:647 [inlined]
Array at ./boot.jl:660 [inlined]
similar at ./array.jl:377 [inlined]
similar at ./abstractarray.jl:823 [inlined]
get_array at /glade/u/home/wchapman/.julia/packages/DynamicExpressions/gNHdy/src/Evaluate.jl:49 [inlined]
deg2_l0_r0_eval at /glade/u/home/wchapman/.julia/packages/DynamicExpressions/gNHdy/ext/DynamicExpressionsLoopVectorizationExt.jl:148
macro expansion at /glade/u/home/wchapman/.julia/packages/DynamicExpressions/gNHdy/src/Evaluate.jl:348 [inlined]
dispatch_deg2_eval at /glade/u/home/wchapman/.julia/packages/DynamicExpressions/gNHdy/src/Evaluate.jl:321
_eval_tree_array at /glade/u/home/wchapman/.julia/packages/DynamicExpressions/gNHdy/src/Evaluate.jl:282
macro expansion at /glade/u/home/wchapman/.julia/packages/DynamicExpressions/gNHdy/src/Evaluate.jl:362 [inlined]
dispatch_deg2_eval at /glade/u/home/wchapman/.julia/packages/DynamicExpressions/gNHdy/src/Evaluate.jl:321
_eval_tree_array at /glade/u/home/wchapman/.julia/packages/DynamicExpressions/gNHdy/src/Evaluate.jl:282
macro expansion at /glade/u/home/wchapman/.julia/packages/DynamicExpressions/gNHdy/src/Evaluate.jl:413 [inlined]
dispatch_deg1_eval at /glade/u/home/wchapman/.julia/packages/DynamicExpressions/gNHdy/src/Evaluate.jl:375
_eval_tree_array at /glade/u/home/wchapman/.julia/packages/DynamicExpressions/gNHdy/src/Evaluate.jl:277
#eval_tree_array#2 at /glade/u/home/wchapman/.julia/packages/DynamicExpressions/gNHdy/src/Evaluate.jl:227
eval_tree_array at /glade/u/home/wchapman/.julia/packages/DynamicExpressions/gNHdy/src/Evaluate.jl:200 [inlined]
#eval_tree_array#14 at /glade/u/home/wchapman/.julia/packages/DynamicExpressions/gNHdy/src/Expression.jl:436
eval_tree_array at /glade/u/home/wchapman/.julia/packages/DynamicExpressions/gNHdy/src/Expression.jl:429
unknown function (ip: 0x14823b359019) at (unknown file)
#eval_tree_array#1 at /glade/u/home/wchapman/.julia/packages/SymbolicRegression/L5TJa/src/InterfaceDynamicExpressions.jl:81
eval_tree_array at /glade/u/home/wchapman/.julia/packages/SymbolicRegression/L5TJa/src/InterfaceDynamicExpressions.jl:61 [inlined]
eval_tree_dispatch at /glade/u/home/wchapman/.julia/packages/SymbolicRegression/L5TJa/src/LossFunctions.jl:68 [inlined]
_eval_loss at /glade/u/home/wchapman/.julia/packages/SymbolicRegression/L5TJa/src/LossFunctions.jl:96
#eval_loss#1 at /glade/u/home/wchapman/.julia/packages/SymbolicRegression/L5TJa/src/LossFunctions.jl:155
eval_loss at /glade/u/home/wchapman/.julia/packages/SymbolicRegression/L5TJa/src/LossFunctions.jl:139 [inlined]
#eval_cost#2 at /glade/u/home/wchapman/.julia/packages/SymbolicRegression/L5TJa/src/LossFunctions.jl:199 [inlined]
eval_cost at /glade/u/home/wchapman/.julia/packages/SymbolicRegression/L5TJa/src/LossFunctions.jl:193 [inlined]
finalize_costs at /glade/u/home/wchapman/.julia/packages/SymbolicRegression/L5TJa/src/Population.jl:189
unknown function (ip: 0x14823b4005a0) at (unknown file)
optimize_and_simplify_population at /glade/u/home/wchapman/.julia/packages/SymbolicRegression/L5TJa/src/SingleIteration.jl:94
unknown function (ip: 0x14823b3e661f) at (unknown file)
unknown function (ip: 0x14823b38b039) at (unknown file)
unknown function (ip: 0x14823b38af6a) at (unknown file)
#_dispatch_s_r_cycle#41 at /glade/u/home/wchapman/.julia/packages/SymbolicRegression/L5TJa/src/SymbolicRegression.jl:1126
_dispatch_s_r_cycle at /glade/u/home/wchapman/.julia/packages/SymbolicRegression/L5TJa/src/SymbolicRegression.jl:1098 [inlined]
macro expansion at /glade/u/home/wchapman/.julia/packages/SymbolicRegression/L5TJa/src/SymbolicRegression.jl:959 [inlined]
#_main_search_loop!##6 at /glade/u/home/wchapman/.julia/packages/SymbolicRegression/L5TJa/src/SearchUtils.jl:266
unknown function (ip: 0x14823b4187e2) at (unknown file)
jl_apply at /cache/build/builder-amdci5-4/julialang/julia-release-1-dot-12/src/julia.h:2391 [inlined]
start_task at /cache/build/builder-amdci5-4/julialang/julia-release-1-dot-12/src/task.c:1252
unknown function (ip: (nil)) at (unknown file)
gc_mark_obj8 at /cache/build/builder-amdci5-4/julialang/julia-release-1-dot-12/src/gc-stock.c:1712 [inlined]
gc_mark_outrefs at /cache/build/builder-amdci5-4/julialang/julia-release-1-dot-12/src/gc-stock.c:2463 [inlined]
gc_mark_and_steal at /cache/build/builder-amdci5-4/julialang/julia-release-1-dot-12/src/gc-stock.c:2567
gc_mark_loop_parallel at /cache/build/builder-amdci5-4/julialang/julia-release-1-dot-12/src/gc-stock.c:2714 [inlined]
gc_mark_loop at /cache/build/builder-amdci5-4/julialang/julia-release-1-dot-12/src/gc-stock.c:2733 [inlined]
_jl_gc_collect at /cache/build/builder-amdci5-4/julialang/julia-release-1-dot-12/src/gc-stock.c:3074
ijl_gc_collect at /cache/build/builder-amdci5-4/julialang/julia-release-1-dot-12/src/gc-stock.c:3475
maybe_collect at /cache/build/builder-amdci5-4/julialang/julia-release-1-dot-12/src/gc-stock.c:351 [inlined]
jl_gc_small_alloc_inner at /cache/build/builder-amdci5-4/julialang/julia-release-1-dot-12/src/gc-stock.c:727 [inlined]
jl_gc_small_alloc_noinline at /cache/build/builder-amdci5-4/julialang/julia-release-1-dot-12/src/gc-stock.c:785 [inlined]
jl_gc_alloc_ at /cache/build/builder-amdci5-4/julialang/julia-release-1-dot-12/src/gc-stock.c:799
ijl_box_float32 at /cache/build/builder-amdci5-4/julialang/julia-release-1-dot-12/src/datatype.c:1487
unknown function (ip: 0x14823b3e003b) at (unknown file)
_eval_loss at /glade/u/home/wchapman/.julia/packages/SymbolicRegression/L5TJa/src/LossFunctions.jl:109
#eval_loss#1 at /glade/u/home/wchapman/.julia/packages/SymbolicRegression/L5TJa/src/LossFunctions.jl:155
eval_loss at /glade/u/home/wchapman/.julia/packages/SymbolicRegression/L5TJa/src/LossFunctions.jl:139 [inlined]
#eval_cost#2 at /glade/u/home/wchapman/.julia/packages/SymbolicRegression/L5TJa/src/LossFunctions.jl:199 [inlined]
eval_cost at /glade/u/home/wchapman/.julia/packages/SymbolicRegression/L5TJa/src/LossFunctions.jl:193 [inlined]
#next_generation#4 at /glade/u/home/wchapman/.julia/packages/SymbolicRegression/L5TJa/src/Mutate.jl:257
next_generation at /glade/u/home/wchapman/.julia/packages/SymbolicRegression/L5TJa/src/Mutate.jl:161 [inlined]
reg_evol_cycle at /glade/u/home/wchapman/.julia/packages/SymbolicRegression/L5TJa/src/RegularizedEvolution.jl:29
#s_r_cycle#1 at /glade/u/home/wchapman/.julia/packages/SymbolicRegression/L5TJa/src/SingleIteration.jl:43
unknown function (ip: 0x14823b392560) at (unknown file)
unknown function (ip: 0x14823b38b019) at (unknown file)
unknown function (ip: 0x14823b38ab07) at (unknown file)
s_r_cycle at /glade/u/home/wchapman/.julia/packages/SymbolicRegression/L5TJa/src/SingleIteration.jl:19 [inlined]
#_dispatch_s_r_cycle#41 at /glade/u/home/wchapman/.julia/packages/SymbolicRegression/L5TJa/src/SymbolicRegression.jl:1115
_dispatch_s_r_cycle at /glade/u/home/wchapman/.julia/packages/SymbolicRegression/L5TJa/src/SymbolicRegression.jl:1098 [inlined]
macro expansion at /glade/u/home/wchapman/.julia/packages/SymbolicRegression/L5TJa/src/SymbolicRegression.jl:959 [inlined]
#_main_search_loop!##6 at /glade/u/home/wchapman/.julia/packages/SymbolicRegression/L5TJa/src/SearchUtils.jl:266
unknown function (ip: 0x14823b4187e2) at (unknown file)
jl_apply at /cache/build/builder-amdci5-4/julialang/julia-release-1-dot-12/src/julia.h:2391 [inlined]
start_task at /cache/build/builder-amdci5-4/julialang/julia-release-1-dot-12/src/task.c:1252
unknown function (ip: (nil)) at (unknown file)
__futex_abstimed_wait_common at /lib64/libc.so.6 (unknown line)
pthread_cond_wait at /lib64/libc.so.6 (unknown line)
uv_cond_wait at /workspace/srcdir/libuv/src/unix/thread.c:822
jl_safepoint_wait_gc at /cache/build/builder-amdci5-4/julialang/julia-release-1-dot-12/src/safepoint.c:268 [inlined]
jl_set_gc_and_wait at /cache/build/builder-amdci5-4/julialang/julia-release-1-dot-12/src/safepoint.c:247
segv_handler at /cache/build/builder-amdci5-4/julialang/julia-release-1-dot-12/src/signals-unix.c:413 [inlined]
segv_handler at /cache/build/builder-amdci5-4/julialang/julia-release-1-dot-12/src/signals-unix.c:399
__GI___sigaction at /lib64/libc.so.6 (unknown line)
mapreduce_impl at ./reduce.jl:245
unknown function (ip: (nil)) at (unknown file)
__futex_abstimed_wait_common at /lib64/libc.so.6 (unknown line)
pthread_cond_wait at /lib64/libc.so.6 (unknown line)
uv_cond_wait at /workspace/srcdir/libuv/src/unix/thread.c:822
jl_safepoint_wait_gc at /cache/build/builder-amdci5-4/julialang/julia-release-1-dot-12/src/safepoint.c:268 [inlined]
jl_set_gc_and_wait at /cache/build/builder-amdci5-4/julialang/julia-release-1-dot-12/src/safepoint.c:247
segv_handler at /cache/build/builder-amdci5-4/julialang/julia-release-1-dot-12/src/signals-unix.c:413 [inlined]
segv_handler at /cache/build/builder-amdci5-4/julialang/julia-release-1-dot-12/src/signals-unix.c:399
__GI___sigaction at /lib64/libc.so.6 (unknown line)
mapreduce_impl at ./reduce.jl:245
unknown function (ip: (nil)) at (unknown file)
__futex_abstimed_wait_common at /lib64/libc.so.6 (unknown line)
pthread_cond_wait at /lib64/libc.so.6 (unknown line)
uv_cond_wait at /workspace/srcdir/libuv/src/unix/thread.c:822
jl_safepoint_wait_gc at /cache/build/builder-amdci5-4/julialang/julia-release-1-dot-12/src/safepoint.c:268 [inlined]
jl_set_gc_and_wait at /cache/build/builder-amdci5-4/julialang/julia-release-1-dot-12/src/safepoint.c:247
segv_handler at /cache/build/builder-amdci5-4/julialang/julia-release-1-dot-12/src/signals-unix.c:413 [inlined]
segv_handler at /cache/build/builder-amdci5-4/julialang/julia-release-1-dot-12/src/signals-unix.c:399
__GI___sigaction at /lib64/libc.so.6 (unknown line)
mapreduce_impl at ./reduce.jl:245
unknown function (ip: (nil)) at (unknown file)
__futex_abstimed_wait_common at /lib64/libc.so.6 (unknown line)
pthread_cond_wait at /lib64/libc.so.6 (unknown line)
uv_cond_wait at /workspace/srcdir/libuv/src/unix/thread.c:822
jl_safepoint_wait_gc at /cache/build/builder-amdci5-4/julialang/julia-release-1-dot-12/src/safepoint.c:268 [inlined]
jl_set_gc_and_wait at /cache/build/builder-amdci5-4/julialang/julia-release-1-dot-12/src/safepoint.c:247
segv_handler at /cache/build/builder-amdci5-4/julialang/julia-release-1-dot-12/src/signals-unix.c:413 [inlined]
segv_handler at /cache/build/builder-amdci5-4/julialang/julia-release-1-dot-12/src/signals-unix.c:399
__GI___sigaction at /lib64/libc.so.6 (unknown line)
mapreduce_impl at ./reduce.jl:245
unknown function (ip: (nil)) at (unknown file)
__futex_abstimed_wait_common at /lib64/libc.so.6 (unknown line)
pthread_cond_wait at /lib64/libc.so.6 (unknown line)
uv_cond_wait at /workspace/srcdir/libuv/src/unix/thread.c:822
jl_safepoint_wait_gc at /cache/build/builder-amdci5-4/julialang/julia-release-1-dot-12/src/safepoint.c:268 [inlined]
jl_set_gc_and_wait at /cache/build/builder-amdci5-4/julialang/julia-release-1-dot-12/src/safepoint.c:247
segv_handler at /cache/build/builder-amdci5-4/julialang/julia-release-1-dot-12/src/signals-unix.c:413 [inlined]
segv_handler at /cache/build/builder-amdci5-4/julialang/julia-release-1-dot-12/src/signals-unix.c:399
__GI___sigaction at /lib64/libc.so.6 (unknown line)
mapreduce_impl at ./reduce.jl:245
unknown function (ip: (nil)) at (unknown file)
__futex_abstimed_wait_common at /lib64/libc.so.6 (unknown line)
pthread_cond_wait at /lib64/libc.so.6 (unknown line)
uv_cond_wait at /workspace/srcdir/libuv/src/unix/thread.c:822
jl_safepoint_wait_gc at /cache/build/builder-amdci5-4/julialang/julia-release-1-dot-12/src/safepoint.c:268 [inlined]
jl_set_gc_and_wait at /cache/build/builder-amdci5-4/julialang/julia-release-1-dot-12/src/safepoint.c:247
segv_handler at /cache/build/builder-amdci5-4/julialang/julia-release-1-dot-12/src/signals-unix.c:413 [inlined]
segv_handler at /cache/build/builder-amdci5-4/julialang/julia-release-1-dot-12/src/signals-unix.c:399
__GI___sigaction at /lib64/libc.so.6 (unknown line)
mapreduce_impl at ./reduce.jl:245
unknown function (ip: (nil)) at (unknown file)
__futex_abstimed_wait_common at /lib64/libc.so.6 (unknown line)
pthread_cond_wait at /lib64/libc.so.6 (unknown line)
uv_cond_wait at /workspace/srcdir/libuv/src/unix/thread.c:822
jl_safepoint_wait_gc at /cache/build/builder-amdci5-4/julialang/julia-release-1-dot-12/src/safepoint.c:268 [inlined]
jl_set_gc_and_wait at /cache/build/builder-amdci5-4/julialang/julia-release-1-dot-12/src/safepoint.c:247
segv_handler at /cache/build/builder-amdci5-4/julialang/julia-release-1-dot-12/src/signals-unix.c:413 [inlined]
segv_handler at /cache/build/builder-amdci5-4/julialang/julia-release-1-dot-12/src/signals-unix.c:399
__GI___sigaction at /lib64/libc.so.6 (unknown line)
mapreduce_impl at ./reduce.jl:245
unknown function (ip: (nil)) at (unknown file)
__futex_abstimed_wait_common at /lib64/libc.so.6 (unknown line)
pthread_cond_wait at /lib64/libc.so.6 (unknown line)
uv_cond_wait at /workspace/srcdir/libuv/src/unix/thread.c:822
jl_safepoint_wait_gc at /cache/build/builder-amdci5-4/julialang/julia-release-1-dot-12/src/safepoint.c:268 [inlined]
jl_set_gc_and_wait at /cache/build/builder-amdci5-4/julialang/julia-release-1-dot-12/src/safepoint.c:247
segv_handler at /cache/build/builder-amdci5-4/julialang/julia-release-1-dot-12/src/signals-unix.c:413 [inlined]
segv_handler at /cache/build/builder-amdci5-4/julialang/julia-release-1-dot-12/src/signals-unix.c:399
__GI___sigaction at /lib64/libc.so.6 (unknown line)
mapreduce_impl at ./reduce.jl:245
unknown function (ip: (nil)) at (unknown file)
__futex_abstimed_wait_common at /lib64/libc.so.6 (unknown line)
pthread_cond_wait at /lib64/libc.so.6 (unknown line)
uv_cond_wait at /workspace/srcdir/libuv/src/unix/thread.c:822
jl_safepoint_wait_gc at /cache/build/builder-amdci5-4/julialang/julia-release-1-dot-12/src/safepoint.c:268 [inlined]
jl_set_gc_and_wait at /cache/build/builder-amdci5-4/julialang/julia-release-1-dot-12/src/safepoint.c:247
segv_handler at /cache/build/builder-amdci5-4/julialang/julia-release-1-dot-12/src/signals-unix.c:413 [inlined]
segv_handler at /cache/build/builder-amdci5-4/julialang/julia-release-1-dot-12/src/signals-unix.c:399
__GI___sigaction at /lib64/libc.so.6 (unknown line)
lock at ./locks-mt.jl:48
unknown function (ip: (nil)) at (unknown file)
Allocations: 251649828 (Pool: 251648087; Big: 1741); GC: 2615
[ Info: Started!
┌ Warning: #= /glade/u/home/wchapman/.julia/packages/DynamicExpressions/gNHdy/ext/DynamicExpressionsLoopVectorizationExt.jl:161 =#:
│ `LoopVectorization.check_args` on your inputs failed; running fallback `@inbounds @fastmath` loop instead.
│ Use `warn_check_args=false`, e.g. `@turbo warn_check_args=false ...`, to disable this warning.
└ @ DynamicExpressionsLoopVectorizationExt ~/.julia/packages/LoopVectorization/Y0o9B/src/condense_loopset.jl:1166
┌ Warning: #= /glade/u/home/wchapman/.julia/packages/DynamicExpressions/gNHdy/ext/DynamicExpressionsLoopVectorizationExt.jl:77 =#:
│ `LoopVectorization.check_args` on your inputs failed; running fallback `@inbounds @fastmath` loop instead.
│ Use `warn_check_args=false`, e.g. `@turbo warn_check_args=false ...`, to disable this warning.
└ @ DynamicExpressionsLoopVectorizationExt ~/.julia/packages/LoopVectorization/Y0o9B/src/condense_loopset.jl:1166
┌ Warning: #= /glade/u/home/wchapman/.julia/packages/DynamicExpressions/gNHdy/ext/DynamicExpressionsLoopVectorizationExt.jl:212 =#:
│ `LoopVectorization.check_args` on your inputs failed; running fallback `@inbounds @fastmath` loop instead.
│ Use `warn_check_args=false`, e.g. `@turbo warn_check_args=false ...`, to disable this warning.
└ @ DynamicExpressionsLoopVectorizationExt ~/.julia/packages/LoopVectorization/Y0o9B/src/condense_loopset.jl:1166
┌ Warning: #= /glade/u/home/wchapman/.julia/packages/DynamicExpressions/gNHdy/ext/DynamicExpressionsLoopVectorizationExt.jl:114 =#:
│ `LoopVectorization.check_args` on your inputs failed; running fallback `@inbounds @fastmath` loop instead.
│ Use `warn_check_args=false`, e.g. `@turbo warn_check_args=false ...`, to disable this warning.
└ @ DynamicExpressionsLoopVectorizationExt ~/.julia/packages/LoopVectorization/Y0o9B/src/condense_loopset.jl:1166
┌ Warning: #= /glade/u/home/wchapman/.julia/packages/DynamicExpressions/gNHdy/ext/DynamicExpressionsLoopVectorizationExt.jl:87 =#:
│ `LoopVectorization.check_args` on your inputs failed; running fallback `@inbounds @fastmath` loop instead.
│ Use `warn_check_args=false`, e.g. `@turbo warn_check_args=false ...`, to disable this warning.
└ @ DynamicExpressionsLoopVectorizationExt ~/.julia/packages/LoopVectorization/Y0o9B/src/condense_loopset.jl:1166
┌ Warning: #= /glade/u/home/wchapman/.julia/packages/DynamicExpressions/gNHdy/ext/DynamicExpressionsLoopVectorizationExt.jl:152 =#:
│ `LoopVectorization.check_args` on your inputs failed; running fallback `@inbounds @fastmath` loop instead.
│ Use `warn_check_args=false`, e.g. `@turbo warn_check_args=false ...`, to disable this warning.
└ @ DynamicExpressionsLoopVectorizationExt ~/.julia/packages/LoopVectorization/Y0o9B/src/condense_loopset.jl:1166
┌ Warning: #= /glade/u/home/wchapman/.julia/packages/DynamicExpressions/gNHdy/ext/DynamicExpressionsLoopVectorizationExt.jl:66 =#:
│ `LoopVectorization.check_args` on your inputs failed; running fallback `@inbounds @fastmath` loop instead.
│ Use `warn_check_args=false`, e.g. `@turbo warn_check_args=false ...`, to disable this warning.
└ @ DynamicExpressionsLoopVectorizationExt ~/.julia/packages/LoopVectorization/Y0o9B/src/condense_loopset.jl:1166
┌ Warning: #= /glade/u/home/wchapman/.julia/packages/DynamicExpressions/gNHdy/ext/DynamicExpressionsLoopVectorizationExt.jl:142 =#:
│ `LoopVectorization.check_args` on your inputs failed; running fallback `@inbounds @fastmath` loop instead.
│ Use `warn_check_args=false`, e.g. `@turbo warn_check_args=false ...`, to disable this warning.
└ @ DynamicExpressionsLoopVectorizationExt ~/.julia/packages/LoopVectorization/Y0o9B/src/condense_loopset.jl:1166
┌ Warning: #= /glade/u/home/wchapman/.julia/packages/DynamicExpressions/gNHdy/ext/DynamicExpressionsLoopVectorizationExt.jl:187 =#:
│ `LoopVectorization.check_args` on your inputs failed; running fallback `@inbounds @fastmath` loop instead.
│ Use `warn_check_args=false`, e.g. `@turbo warn_check_args=false ...`, to disable this warning.
└ @ DynamicExpressionsLoopVectorizationExt ~/.julia/packages/LoopVectorization/Y0o9B/src/condense_loopset.jl:1166
════════════════════════════════════════════════════════════════════════════════════════════════════
───────────────────────────────────────────────────────────────────────────────────────────────────
Complexity  Loss       Score      Equation
1           1.245e+00  0.000e+00  y = 0.069908
3           1.184e+00  2.489e-02  y = log(D)
4           1.050e+00  1.204e-01  y = log(sqrt(D))
5           9.892e-01  5.969e-02  y = log(D - -0.2881)
6           8.445e-01  1.581e-01  y = log(Dg * Us)
7           8.255e-01  2.280e-02  y = log(sqrt(Dg * Us))
8           7.802e-01  5.643e-02  y = log(Dg * Us) / 1.3121
9           7.792e-01  1.259e-03  y = log(Us * Dg) * sqrt(0.52402)
10          7.308e-01  6.417e-02  y = log(sqrt((Us * Dl) * Dg))
11          7.267e-01  5.636e-03  y = log(Dl * (Dg * Us)) * 0.5436
12          7.014e-01  3.548e-02  y = log((sqrt(Dl) * Dg) * Us) * 0.69105
13          6.967e-01  6.607e-03  y = log((Us * (Dg * Dl)) - -0.11679) * 0.70084
14          6.940e-01  3.916e-03  y = log(sqrt(Dl * (((Us * Dg) / 0.81766) ^ 1.2346)))
15          6.524e-01  6.189e-02  y = log(sqrt(Us * (Dl * (Dg - (P * -0.39045)))))
16          6.446e-01  1.192e-02  y = log(Us * ((Dg * Dl) - (P * -0.20183))) * 0.60634
18          6.376e-01  5.513e-03  y = log(sqrt(Dl * ((Dg - (Ul * (P * -0.12392))) * Us)))
19          6.289e-01  1.363e-02  y = log(sqrt(((Dg * Dl) - (square(P * Ul) * -0.011481)) * ...
                                      Us))
21          6.247e-01  3.358e-03  y = log(sqrt((Dl * (Us * Dg)) - ((P * -0.28296) * square(U...
                                      l - 1.9531))))
24          6.179e-01  3.640e-03  y = log(sqrt(((Dl * (Us * Dg)) / Zs) - ((P * -0.28296) * s...
                                      quare(Ul - 1.9531))))
26          6.151e-01  2.270e-03  y = log(sqrt(((Dl * (Dg / (Dg ^ -0.3556))) * Us) - ((P * -...
                                      0.17412) * square(Ul - 1.3508))))
32          6.146e-01  1.587e-04  y = log(sqrt((Us * Dl) * ((Dg / Zs) - (((3.3415 - ((square...
                                      (Ul + 0.052562) * -0.020404) * square(Ul))) * -0.05163) * ...
                                      P))))
34          6.139e-01  5.540e-04  y = log(sqrt(Dl * (Us * ((Dg / Zs) - ((((1.7416 - (square(...
                                      Ul) * (square(Ul + 0.22687) * -0.016141))) + 1.5903) * -0....
                                      0632) * P)))))
37          6.130e-01  4.530e-04  y = log(sqrt((Us * ((Dg / Zs) * Dl)) - (square(Ul) * ((((D...
                                       * Ul) - (square(Ul) * (Ul * -0.016141))) * -0.016141) * P...
                                      ))))
39          6.117e-01  1.101e-03  y = log(sqrt(((Dl * Us) * (Dg / Zs)) - (((D * Ul) - (squar...
                                      e(Ul) * ((Ul + 2.0513) * -0.016141))) * (-0.016141 * (squa...
                                      re(Ul) * P)))))
40          6.111e-01  9.330e-04  y = log(sqrt((Us * ((Dg / Zs) * Dl)) - (square(Ul) * ((((D...
                                       * P) - (square(Ul) * ((Ul + Ul) * -0.016141))) * -0.01614...
                                      1) * P))))
───────────────────────────────────────────────────────────────────────────────────────────────────
════════════════════════════════════════════════════════════════════════════════════════════════════
Press 'q' and then <enter> to stop execution early.
